destination,passanger,weather,temperature,time,coupon,expiration,gender,age,maritalStatus,has_children,education,occupation,income,Bar,CoffeeHouse,CarryAway,RestaurantLessThan20,Restaurant20To50,toCoupon_GEQ5min,toCoupon_GEQ15min,toCoupon_GEQ25min,direction_same,direction_opp,Y
No Urgent Place,Alone,Sunny,55,2PM,Restaurant(<20),1d,Female,21,Unmarried partner,1,Some college - no degree,Unemployed,$37500 - $49999,never,never,,4~8,1~3,1,0,0,0,1,1
No Urgent Place,Friend(s),Sunny,80,10AM,Coffee House,2h,Female,21,Unmarried partner,1,Some college - no degree,Unemployed,$37500 - $49999,never,never,,4~8,1~3,1,0,0,0,1,0
No Urgent Place,Friend(s),Sunny,80,10AM,Carry out & Take away,2h,Female,21,Unmarried partner,1,Some college - no degree,Unemployed,$37500 - $49999,never,never,,4~8,1~3,1,1,0,0,1,1
No Urgent Place,Friend(s),Sunny,80,2PM,Coffee House,2h,Female,21,Unmarried partner,1,Some college - no degree,Unemployed,$37500 - $49999,never,never,,4~8,1~3,1,1,0,0,1,0
No Urgent Place,Friend(s),Sunny,80,2PM,Coffee House,1d,Female,21,Unmarried partner,1,Some college - no degree,Unemployed,$37500 - $49999,never,never,,4~8,1~3,1,1,0,0,1,0
No Urgent Place,Friend(s),Sunny,80,6PM,Restaurant(<20),2h,Female,21,Unmarried partner,1,Some college - no degree,Unemployed,$37500 - $49999,never,never,,4~8,1~3,1,1,0,0,1,1
No Urgent Place,Friend(s),Sunny,55,2PM,Carry out & Take away,1d,Female,21,Unmarried partner,1,Some college - no degree,Unemployed,$37500 - $49999,never,never,,4~8,1~3,1,1,0,0,1,1
No Urgent Place,Kid(s),Sunny,80,10AM,Restaurant(<20),2h,Female,21,Unmarried partner,1,Some college - no degree,Unemployed,$37500 - $49999,never,never,,4~8,1~3,1,1,0,0,1,1
No Urgent Place,Kid(s),Sunny,80,10AM,Carry out & Take away,2h,Female,21,Unmarried partner,1,Some college - no degree,Unemployed,$37500 - $49999,never,never,,4~8,1~3,1,1,0,0,1,1
No Urgent Place,Kid(s),Sunny,80,10AM,Bar,1d,Female,21,Unmarried partner,1,Some college - no degree,Unemployed,$37500 - $49999,never,never,,4~8,1~3,1,1,0,0,1,0
No Urgent Place,Kid(s),Sunny,80,2PM,Restaurant(<20),1d,Female,21,Unmarried partner,1,Some college - no degree,Unemployed,$37500 - $49999,never,never,,4~8,1~3,1,0,0,0,1,1
No Urgent Place,Kid(s),Sunny,55,2PM,Restaurant(<20),1d,Female,21,Unmarried partner,1,Some college - no degree,Unemployed,$37500 - $49999,never,never,,4~8,1~3,1,1,0,0,1,1
No Urgent Place,Kid(s),Sunny,55,6PM,Coffee House,2h,Female,21,Unmarried partner,1,Some college - no degree,Unemployed,$37500 - $49999,never,never,,4~8,1~3,1,1,0,0,1,1
Home,Alone,Sunny,55,6PM,Bar,1d,Female,21,Unmarried partner,1,Some college - no degree,Unemployed,$37500 - $49999,never,never,,4~8,1~3,1,0,0,1,0,1
Home,Alone,Sunny,55,6PM,Restaurant(20-50),1d,Female,21,Unmarried partner,1,Some college - no degree,Unemployed,$37500 - $49999,never,never,,4~8,1~3,1,1,0,0,1,1
Home,Alone,Sunny,80,6PM,Coffee House,2h,Female,21,Unmarried partner,1,Some college - no degree,Unemployed,$37500 - $49999,never,never,,4~8,1~3,1,0,0,0,1,0
Work,Alone,Sunny,55,7AM,Coffee House,2h,Female,21,Unmarried partner,1,Some college - no degree,Unemployed,$37500 - $49999,never,never,,4~8,1~3,1,1,1,0,1,1
Work,Alone,Sunny,55,7AM,Bar,1d,Female,21,Unmarried partner,1,Some college - no degree,Unemployed,$37500 - $49999,never,never,,4~8,1~3,1,1,1,0,1,0
Work,Alone,Sunny,80,7AM,Restaurant(20-50),1d,Female,21,Unmarried partner,1,Some college - no degree,Unemployed,$37500 - $49999,never,never,,4~8,1~3,1,1,0,0,1,1
Work,Alone,Sunny,80,7AM,Carry out & Take away,2h,Female,21,Unmarried partner,1,Some college - no degree,Unemployed,$37500 - $49999,never,never,,4~8,1~3,1,0,0,1,0,1
Work,Alone,Sunny,55,7AM,Restaurant(<20),1d,Female,21,Unmarried partner,1,Some college - no degree,Unemployed,$37500 - $49999,never,never,,4~8,1~3,1,0,0,0,1,0
Work,Alone,Sunny,55,7AM,Coffee House,2h,Female,21,Unmarried partner,1,Some college - no degree,Unemployed,$37500 - $49999,never,never,,4~8,1~3,1,1,0,0,1,1
No Urgent Place,Alone,Sunny,55,2PM,Restaurant(<20),1d,Male,26,Unmarried partner,0,Bachelors degree,Community & Social Services,$12500 - $24999,never,,less1,less1,less1,1,0,0,0,1,1
No Urgent Place,Friend(s),Sunny,80,10AM,Coffee House,2h,Male,26,Unmarried partner,0,Bachelors degree,Community & Social Services,$12500 - $24999,never,,less1,less1,less1,1,0,0,0,1,1
No Urgent Place,Friend(s),Sunny,80,10AM,Carry out & Take away,2h,Male,26,Unmarried partner,0,Bachelors degree,Community & Social Services,$12500 - $24999,never,,less1,less1,less1,1,1,0,0,1,0
No Urgent Place,Friend(s),Sunny,80,2PM,Coffee House,2h,Male,26,Unmarried partner,0,Bachelors degree,Community & Social Services,$12500 - $24999,never,,less1,less1,less1,1,1,0,0,1,0
No Urgent Place,Friend(s),Sunny,80,2PM,Coffee House,1d,Male,26,Unmarried partner,0,Bachelors degree,Community & Social Services,$12500 - $24999,never,,less1,less1,less1,1,1,0,0,1,0
No Urgent Place,Friend(s),Sunny,80,6PM,Restaurant(<20),2h,Male,26,Unmarried partner,0,Bachelors degree,Community & Social Services,$12500 - $24999,never,,less1,less1,less1,1,1,0,0,1,1
No Urgent Place,Friend(s),Sunny,55,2PM,Carry out & Take away,1d,Male,26,Unmarried partner,0,Bachelors degree,Community & Social Services,$12500 - $24999,never,,less1,less1,less1,1,1,0,0,1,1
No Urgent Place,Partner,Sunny,80,10AM,Coffee House,2h,Male,26,Unmarried partner,0,Bachelors degree,Community & Social Services,$12500 - $24999,never,,less1,less1,less1,1,0,0,0,1,0
No Urgent Place,Partner,Sunny,80,10AM,Restaurant(20-50),1d,Male,26,Unmarried partner,0,Bachelors degree,Community & Social Services,$12500 - $24999,never,,less1,less1,less1,1,0,0,0,1,1
No Urgent Place,Partner,Sunny,80,10AM,Bar,2h,Male,26,Unmarried partner,0,Bachelors degree,Community & Social Services,$12500 - $24999,never,,less1,less1,less1,1,0,0,0,1,0
No Urgent Place,Partner,Sunny,80,10AM,Coffee House,2h,Male,26,Unmarried partner,0,Bachelors degree,Community & Social Services,$12500 - $24999,never,,less1,less1,less1,1,1,0,0,1,0
No Urgent Place,Partner,Sunny,80,6PM,Restaurant(<20),2h,Male,26,Unmarried partner,0,Bachelors degree,Community & Social Services,$12500 - $24999,never,,less1,less1,less1,1,0,0,0,1,1
No Urgent Place,Partner,Sunny,80,6PM,Bar,1d,Male,26,Unmarried partner,0,Bachelors degree,Community & Social Services,$12500 - $24999,never,,less1,less1,less1,1,1,0,0,1,0
Home,Alone,Sunny,55,6PM,Bar,1d,Male,26,Unmarried partner,0,Bachelors degree,Community & Social Services,$12500 - $24999,never,,less1,less1,less1,1,0,0,1,0,0
Home,Alone,Sunny,55,6PM,Restaurant(20-50),1d,Male,26,Unmarried partner,0,Bachelors degree,Community & Social Services,$12500 - $24999,never,,less1,less1,less1,1,1,0,0,1,1
Home,Alone,Sunny,80,6PM,Coffee House,2h,Male,26,Unmarried partner,0,Bachelors degree,Community & Social Services,$12500 - $24999,never,,less1,less1,less1,1,0,0,0,1,0
Work,Alone,Sunny,55,7AM,Coffee House,2h,Male,26,Unmarried partner,0,Bachelors degree,Community & Social Services,$12500 - $24999,never,,less1,less1,less1,1,1,1,0,1,0
Work,Alone,Sunny,55,7AM,Bar,1d,Male,26,Unmarried partner,0,Bachelors degree,Community & Social Services,$12500 - $24999,never,,less1,less1,less1,1,1,1,0,1,0
Work,Alone,Sunny,80,7AM,Restaurant(20-50),1d,Male,26,Unmarried partner,0,Bachelors degree,Community & Social Services,$12500 - $24999,never,,less1,less1,less1,1,1,0,0,1,0
Work,Alone,Sunny,80,7AM,Carry out & Take away,2h,Male,26,Unmarried partner,0,Bachelors degree,Community & Social Services,$12500 - $24999,never,,less1,less1,less1,1,0,0,1,0,1
Work,Alone,Sunny,55,7AM,Restaurant(<20),1d,Male,26,Unmarried partner,0,Bachelors degree,Community & Social Services,$12500 - $24999,never,,less1,less1,less1,1,0,0,0,1,1
Work,Alone,Sunny,55,7AM,Coffee House,2h,Male,26,Unmarried partner,0,Bachelors degree,Community & Social Services,$12500 - $24999,never,,less1,less1,less1,1,1,0,0,1,0
No Urgent Place,Friend(s),Sunny,80,10AM,Bar,1d,Male,50plus,Divorced,1,Some college - no degree,Management,$62500 - $74999,,,,,,1,0,0,0,1,0
No Urgent Place,Friend(s),Sunny,80,2PM,Coffee House,1d,Male,50plus,Divorced,1,Some college - no degree,Management,$62500 - $74999,,,,,,1,0,0,0,1,0
No Urgent Place,Friend(s),Sunny,80,2PM,Restaurant(<20),1d,Male,50plus,Divorced,1,Some college - no degree,Management,$62500 - $74999,,,,,,1,1,0,0,1,1
No Urgent Place,Friend(s),Sunny,80,6PM,Coffee House,2h,Male,50plus,Divorced,1,Some college - no degree,Management,$62500 - $74999,,,,,,1,0,0,0,1,0
No Urgent Place,Friend(s),Sunny,55,2PM,Coffee House,2h,Male,50plus,Divorced,1,Some college - no degree,Management,$62500 - $74999,,,,,,1,0,0,0,1,1
No Urgent Place,Alone,Sunny,55,10AM,Coffee House,2h,Male,50plus,Divorced,1,Some college - no degree,Management,$62500 - $74999,,,,,,1,0,0,0,1,1
No Urgent Place,Partner,Sunny,80,10AM,Coffee House,2h,Male,41,Married partner,0,Bachelors degree,Unemployed,$87500 - $99999,,,,,,1,0,0,0,1,1
No Urgent Place,Partner,Sunny,80,10AM,Restaurant(20-50),1d,Male,41,Married partner,0,Bachelors degree,Unemployed,$87500 - $99999,,,,,,1,0,0,0,1,1
No Urgent Place,Partner,Sunny,80,10AM,Bar,2h,Male,41,Married partner,0,Bachelors degree,Unemployed,$87500 - $99999,,,,,,1,0,0,0,1,0
No Urgent Place,Partner,Sunny,80,10AM,Coffee House,2h,Male,41,Married partner,0,Bachelors degree,Unemployed,$87500 - $99999,,,,,,1,1,0,0,1,1
No Urgent Place,Partner,Sunny,80,6PM,Restaurant(<20),2h,Male,41,Married partner,0,Bachelors degree,Unemployed,$87500 - $99999,,,,,,1,0,0,0,1,1
No Urgent Place,Partner,Sunny,80,6PM,Bar,1d,Male,41,Married partner,0,Bachelors degree,Unemployed,$87500 - $99999,,,,,,1,1,0,0,1,1
No Urgent Place,Alone,Sunny,55,2PM,Restaurant(<20),1d,Female,31,Unmarried partner,1,Associates degree,Education&Training&Library,$50000 - $62499,never,never,4~8,,never,1,0,0,0,1,1
No Urgent Place,Friend(s),Sunny,80,10AM,Coffee House,2h,Female,31,Unmarried partner,1,Associates degree,Education&Training&Library,$50000 - $62499,never,never,4~8,,never,1,0,0,0,1,1
No Urgent Place,Friend(s),Sunny,80,10AM,Carry out & Take away,2h,Female,31,Unmarried partner,1,Associates degree,Education&Training&Library,$50000 - $62499,never,never,4~8,,never,1,1,0,0,1,1
No Urgent Place,Friend(s),Sunny,80,2PM,Coffee House,2h,Female,31,Unmarried partner,1,Associates degree,Education&Training&Library,$50000 - $62499,never,never,4~8,,never,1,1,0,0,1,1
No Urgent Place,Friend(s),Sunny,80,2PM,Coffee House,1d,Female,31,Unmarried partner,1,Associates degree,Education&Training&Library,$50000 - $62499,never,never,4~8,,never,1,1,0,0,1,1
No Urgent Place,Friend(s),Sunny,80,6PM,Restaurant(<20),2h,Female,31,Unmarried partner,1,Associates degree,Education&Training&Library,$50000 - $62499,never,never,4~8,,never,1,1,0,0,1,1
No Urgent Place,Friend(s),Sunny,55,2PM,Carry out & Take away,1d,Female,31,Unmarried partner,1,Associates degree,Education&Training&Library,$50000 - $62499,never,never,4~8,,never,1,1,0,0,1,1
No Urgent Place,Kid(s),Sunny,80,10AM,Restaurant(<20),2h,Female,31,Unmarried partner,1,Associates degree,Education&Training&Library,$50000 - $62499,never,never,4~8,,never,1,1,0,0,1,1
No Urgent Place,Kid(s),Sunny,80,10AM,Carry out & Take away,2h,Female,31,Unmarried partner,1,Associates degree,Education&Training&Library,$50000 - $62499,never,never,4~8,,never,1,1,0,0,1,1
No Urgent Place,Kid(s),Sunny,80,10AM,Bar,1d,Female,31,Unmarried partner,1,Associates degree,Education&Training&Library,$50000 - $62499,never,never,4~8,,never,1,1,0,0,1,0
No Urgent Place,Kid(s),Sunny,80,2PM,Restaurant(<20),1d,Female,31,Unmarried partner,1,Associates degree,Education&Training&Library,$50000 - $62499,never,never,4~8,,never,1,0,0,0,1,1
No Urgent Place,Kid(s),Sunny,55,2PM,Restaurant(<20),1d,Female,31,Unmarried partner,1,Associates degree,Education&Training&Library,$50000 - $62499,never,never,4~8,,never,1,1,0,0,1,1
No Urgent Place,Kid(s),Sunny,55,6PM,Coffee House,2h,Female,31,Unmarried partner,1,Associates degree,Education&Training&Library,$50000 - $62499,never,never,4~8,,never,1,1,0,0,1,1
Home,Alone,Sunny,55,6PM,Bar,1d,Female,31,Unmarried partner,1,Associates degree,Education&Training&Library,$50000 - $62499,never,never,4~8,,never,1,0,0,1,0,0
Home,Alone,Sunny,55,6PM,Restaurant(20-50),1d,Female,31,Unmarried partner,1,Associates degree,Education&Training&Library,$50000 - $62499,never,never,4~8,,never,1,1,0,0,1,1
Home,Alone,Sunny,80,6PM,Coffee House,2h,Female,31,Unmarried partner,1,Associates degree,Education&Training&Library,$50000 - $62499,never,never,4~8,,never,1,0,0,0,1,1
Work,Alone,Sunny,55,7AM,Coffee House,2h,Female,31,Unmarried partner,1,Associates degree,Education&Training&Library,$50000 - $62499,never,never,4~8,,never,1,1,1,0,1,1
Work,Alone,Sunny,55,7AM,Bar,1d,Female,31,Unmarried partner,1,Associates degree,Education&Training&Library,$50000 - $62499,never,never,4~8,,never,1,1,1,0,1,0
Work,Alone,Sunny,80,7AM,Restaurant(20-50),1d,Female,31,Unmarried partner,1,Associates degree,Education&Training&Library,$50000 - $62499,never,never,4~8,,never,1,1,0,0,1,1
Work,Alone,Sunny,80,7AM,Carry out & Take away,2h,Female,31,Unmarried partner,1,Associates degree,Education&Training&Library,$50000 - $62499,never,never,4~8,,never,1,0,0,1,0,1
Work,Alone,Sunny,55,7AM,Restaurant(<20),1d,Female,31,Unmarried partner,1,Associates degree,Education&Training&Library,$50000 - $62499,never,never,4~8,,never,1,0,0,0,1,1
Work,Alone,Sunny,55,7AM,Coffee House,2h,Female,31,Unmarried partner,1,Associates degree,Education&Training&Library,$50000 - $62499,never,never,4~8,,never,1,1,0,0,1,1
No Urgent Place,Partner,Sunny,80,10AM,Coffee House,2h,Male,26,Unmarried partner,0,Some college - no degree,Computer & Mathematical,$50000 - $62499,,,,,,1,0,0,0,1,1
No Urgent Place,Partner,Sunny,80,10AM,Restaurant(20-50),1d,Male,26,Unmarried partner,0,Some college - no degree,Computer & Mathematical,$50000 - $62499,,,,,,1,0,0,0,1,1
No Urgent Place,Partner,Sunny,80,10AM,Bar,2h,Male,26,Unmarried partner,0,Some college - no degree,Computer & Mathematical,$50000 - $62499,,,,,,1,0,0,0,1,1
No Urgent Place,Partner,Sunny,80,10AM,Coffee House,2h,Male,26,Unmarried partner,0,Some college - no degree,Computer & Mathematical,$50000 - $62499,,,,,,1,1,0,0,1,0
No Urgent Place,Partner,Sunny,80,6PM,Restaurant(<20),2h,Male,26,Unmarried partner,0,Some college - no degree,Computer & Mathematical,$50000 - $62499,,,,,,1,0,0,0,1,1
No Urgent Place,Partner,Sunny,80,6PM,Bar,1d,Male,26,Unmarried partner,0,Some college - no degree,Computer & Mathematical,$50000 - $62499,,,,,,1,1,0,0,1,1
No Urgent Place,Alone,Sunny,55,2PM,Restaurant(<20),1d,Female,31,Married partner,1,Some college - no degree,Sales & Related,$12500 - $24999,1~3,,4~8,4~8,,1,0,0,0,1,1
No Urgent Place,Friend(s),Sunny,80,10AM,Coffee House,2h,Female,31,Married partner,1,Some college - no degree,Sales & Related,$12500 - $24999,1~3,,4~8,4~8,,1,0,0,0,1,0
No Urgent Place,Friend(s),Sunny,80,10AM,Carry out & Take away,2h,Female,31,Married partner,1,Some college - no degree,Sales & Related,$12500 - $24999,1~3,,4~8,4~8,,1,1,0,0,1,1
No Urgent Place,Friend(s),Sunny,80,2PM,Coffee House,2h,Female,31,Married partner,1,Some college - no degree,Sales & Related,$12500 - $24999,1~3,,4~8,4~8,,1,1,0,0,1,0
No Urgent Place,Friend(s),Sunny,80,2PM,Coffee House,1d,Female,31,Married partner,1,Some college - no degree,Sales & Related,$12500 - $24999,1~3,,4~8,4~8,,1,1,0,0,1,0
No Urgent Place,Friend(s),Sunny,80,6PM,Restaurant(<20),2h,Female,31,Married partner,1,Some college - no degree,Sales & Related,$12500 - $24999,1~3,,4~8,4~8,,1,1,0,0,1,1
No Urgent Place,Friend(s),Sunny,55,2PM,Carry out & Take away,1d,Female,31,Married partner,1,Some college - no degree,Sales & Related,$12500 - $24999,1~3,,4~8,4~8,,1,1,0,0,1,1
No Urgent Place,Kid(s),Sunny,80,10AM,Restaurant(<20),2h,Female,31,Married partner,1,Some college - no degree,Sales & Related,$12500 - $24999,1~3,,4~8,4~8,,1,1,0,0,1,1
No Urgent Place,Kid(s),Sunny,80,10AM,Carry out & Take away,2h,Female,31,Married partner,1,Some college - no degree,Sales & Related,$12500 - $24999,1~3,,4~8,4~8,,1,1,0,0,1,1
No Urgent Place,Kid(s),Sunny,80,10AM,Bar,1d,Female,31,Married partner,1,Some college - no degree,Sales & Related,$12500 - $24999,1~3,,4~8,4~8,,1,1,0,0,1,0
No Urgent Place,Kid(s),Sunny,80,2PM,Restaurant(<20),1d,Female,31,Married partner,1,Some college - no degree,Sales & Related,$12500 - $24999,1~3,,4~8,4~8,,1,0,0,0,1,1
No Urgent Place,Kid(s),Sunny,55,6PM,Coffee House,2h,Female,31,Married partner,1,Some college - no degree,Sales & Related,$12500 - $24999,1~3,,4~8,4~8,,1,1,0,0,1,0
Home,Alone,Sunny,55,6PM,Bar,1d,Female,31,Married partner,1,Some college - no degree,Sales & Related,$12500 - $24999,1~3,,4~8,4~8,,1,0,0,1,0,1
Home,Alone,Sunny,55,6PM,Restaurant(20-50),1d,Female,31,Married partner,1,Some college - no degree,Sales & Related,$12500 - $24999,1~3,,4~8,4~8,,1,1,0,0,1,1
Home,Alone,Sunny,80,6PM,Coffee House,2h,Female,31,Married partner,1,Some college - no degree,Sales & Related,$12500 - $24999,1~3,,4~8,4~8,,1,0,0,0,1,0
Work,Alone,Sunny,55,7AM,Coffee House,2h,Female,31,Married partner,1,Some college - no degree,Sales & Related,$12500 - $24999,1~3,,4~8,4~8,,1,1,1,0,1,0
Work,Alone,Sunny,55,7AM,Bar,1d,Female,31,Married partner,1,Some college - no degree,Sales & Related,$12500 - $24999,1~3,,4~8,4~8,,1,1,1,0,1,1
Work,Alone,Sunny,80,7AM,Restaurant(20-50),1d,Female,31,Married partner,1,Some college - no degree,Sales & Related,$12500 - $24999,1~3,,4~8,4~8,,1,1,0,0,1,0
Work,Alone,Sunny,80,7AM,Carry out & Take away,2h,Female,31,Married partner,1,Some college - no degree,Sales & Related,$12500 - $24999,1~3,,4~8,4~8,,1,0,0,1,0,1
Work,Alone,Sunny,55,7AM,Restaurant(<20),1d,Female,31,Married partner,1,Some college - no degree,Sales & Related,$12500 - $24999,1~3,,4~8,4~8,,1,0,0,0,1,0
Work,Alone,Sunny,55,7AM,Coffee House,2h,Female,31,Married partner,1,Some college - no degree,Sales & Related,$12500 - $24999,1~3,,4~8,4~8,,1,1,0,0,1,0
No Urgent Place,Friend(s),Sunny,80,10AM,Bar,1d,Male,26,Single,0,Some college - no degree,Computer & Mathematical,$87500 - $99999,,,,,,1,0,0,0,1,1
No Urgent Place,Friend(s),Sunny,80,2PM,Coffee House,1d,Male,26,Single,0,Some college - no degree,Computer & Mathematical,$87500 - $99999,,,,,,1,0,0,0,1,0
No Urgent Place,Friend(s),Sunny,80,2PM,Restaurant(<20),1d,Male,26,Single,0,Some college - no degree,Computer & Mathematical,$87500 - $99999,,,,,,1,1,0,0,1,1
No Urgent Place,Friend(s),Sunny,80,6PM,Coffee House,2h,Male,26,Single,0,Some college - no degree,Computer & Mathematical,$87500 - $99999,,,,,,1,0,0,0,1,0
No Urgent Place,Friend(s),Sunny,55,2PM,Coffee House,2h,Male,26,Single,0,Some college - no degree,Computer & Mathematical,$87500 - $99999,,,,,,1,0,0,0,1,0
No Urgent Place,Alone,Sunny,55,10AM,Coffee House,2h,Male,26,Single,0,Some college - no degree,Computer & Mathematical,$87500 - $99999,,,,,,1,0,0,0,1,1
No Urgent Place,Kid(s),Sunny,80,10AM,Restaurant(<20),2h,Female,31,Married partner,1,Some college - no degree,Business & Financial,$37500 - $49999,,,,,,1,1,0,0,1,1
No Urgent Place,Kid(s),Sunny,80,10AM,Carry out & Take away,2h,Female,31,Married partner,1,Some college - no degree,Business & Financial,$37500 - $49999,,,,,,1,1,0,0,1,1
No Urgent Place,Kid(s),Sunny,80,10AM,Bar,1d,Female,31,Married partner,1,Some college - no degree,Business & Financial,$37500 - $49999,,,,,,1,1,0,0,1,0
No Urgent Place,Kid(s),Sunny,80,2PM,Restaurant(<20),1d,Female,31,Married partner,1,Some college - no degree,Business & Financial,$37500 - $49999,,,,,,1,0,0,0,1,1
No Urgent Place,Kid(s),Sunny,55,2PM,Restaurant(<20),1d,Female,31,Married partner,1,Some college - no degree,Business & Financial,$37500 - $49999,,,,,,1,1,0,0,1,1
No Urgent Place,Kid(s),Sunny,55,6PM,Coffee House,2h,Female,31,Married partner,1,Some college - no degree,Business & Financial,$37500 - $49999,,,,,,1,1,0,0,1,0
No Urgent Place,Alone,Sunny,55,2PM,Restaurant(<20),1d,Female,36,Married partner,1,Bachelors degree,Education&Training&Library,$50000 - $62499,,1~3,4~8,1~3,1~3,1,0,0,0,1,1
No Urgent Place,Friend(s),Sunny,80,10AM,Coffee House,2h,Female,36,Married partner,1,Bachelors degree,Education&Training&Library,$50000 - $62499,,1~3,4~8,1~3,1~3,1,0,0,0,1,1
No Urgent Place,Friend(s),Sunny,80,10AM,Carry out & Take away,2h,Female,36,Married partner,1,Bachelors degree,Education&Training&Library,$50000 - $62499,,1~3,4~8,1~3,1~3,1,1,0,0,1,0
No Urgent Place,Friend(s),Sunny,80,2PM,Coffee House,2h,Female,36,Married partner,1,Bachelors degree,Education&Training&Library,$50000 - $62499,,1~3,4~8,1~3,1~3,1,1,0,0,1,1
No Urgent Place,Friend(s),Sunny,80,2PM,Coffee House,1d,Female,36,Married partner,1,Bachelors degree,Education&Training&Library,$50000 - $62499,,1~3,4~8,1~3,1~3,1,1,0,0,1,1
No Urgent Place,Friend(s),Sunny,80,6PM,Restaurant(<20),2h,Female,36,Married partner,1,Bachelors degree,Education&Training&Library,$50000 - $62499,,1~3,4~8,1~3,1~3,1,1,0,0,1,1
No Urgent Place,Friend(s),Sunny,55,2PM,Carry out & Take away,1d,Female,36,Married partner,1,Bachelors degree,Education&Training&Library,$50000 - $62499,,1~3,4~8,1~3,1~3,1,1,0,0,1,1
No Urgent Place,Kid(s),Sunny,80,10AM,Restaurant(<20),2h,Female,36,Married partner,1,Bachelors degree,Education&Training&Library,$50000 - $62499,,1~3,4~8,1~3,1~3,1,1,0,0,1,1
No Urgent Place,Kid(s),Sunny,80,10AM,Carry out & Take away,2h,Female,36,Married partner,1,Bachelors degree,Education&Training&Library,$50000 - $62499,,1~3,4~8,1~3,1~3,1,1,0,0,1,1
No Urgent Place,Kid(s),Sunny,80,10AM,Bar,1d,Female,36,Married partner,1,Bachelors degree,Education&Training&Library,$50000 - $62499,,1~3,4~8,1~3,1~3,1,1,0,0,1,0
No Urgent Place,Kid(s),Sunny,80,2PM,Restaurant(<20),1d,Female,36,Married partner,1,Bachelors degree,Education&Training&Library,$50000 - $62499,,1~3,4~8,1~3,1~3,1,0,0,0,1,1
No Urgent Place,Kid(s),Sunny,55,2PM,Restaurant(<20),1d,Female,36,Married partner,1,Bachelors degree,Education&Training&Library,$50000 - $62499,,1~3,4~8,1~3,1~3,1,1,0,0,1,1
No Urgent Place,Kid(s),Sunny,55,6PM,Coffee House,2h,Female,36,Married partner,1,Bachelors degree,Education&Training&Library,$50000 - $62499,,1~3,4~8,1~3,1~3,1,1,0,0,1,0
Home,Alone,Sunny,55,6PM,Bar,1d,Female,36,Married partner,1,Bachelors degree,Education&Training&Library,$50000 - $62499,,1~3,4~8,1~3,1~3,1,0,0,1,0,1
Home,Alone,Sunny,55,6PM,Restaurant(20-50),1d,Female,36,Married partner,1,Bachelors degree,Education&Training&Library,$50000 - $62499,,1~3,4~8,1~3,1~3,1,1,0,0,1,0
Home,Alone,Sunny,80,6PM,Coffee House,2h,Female,36,Married partner,1,Bachelors degree,Education&Training&Library,$50000 - $62499,,1~3,4~8,1~3,1~3,1,0,0,0,1,1
Work,Alone,Sunny,55,7AM,Coffee House,2h,Female,36,Married partner,1,Bachelors degree,Education&Training&Library,$50000 - $62499,,1~3,4~8,1~3,1~3,1,1,1,0,1,0
Work,Alone,Sunny,55,7AM,Bar,1d,Female,36,Married partner,1,Bachelors degree,Education&Training&Library,$50000 - $62499,,1~3,4~8,1~3,1~3,1,1,1,0,1,1
Work,Alone,Sunny,80,7AM,Restaurant(20-50),1d,Female,36,Married partner,1,Bachelors degree,Education&Training&Library,$50000 - $62499,,1~3,4~8,1~3,1~3,1,1,0,0,1,1
Work,Alone,Sunny,80,7AM,Carry out & Take away,2h,Female,36,Married partner,1,Bachelors degree,Education&Training&Library,$50000 - $62499,,1~3,4~8,1~3,1~3,1,0,0,1,0,1
Work,Alone,Sunny,55,7AM,Restaurant(<20),1d,Female,36,Married partner,1,Bachelors degree,Education&Training&Library,$50000 - $62499,,1~3,4~8,1~3,1~3,1,0,0,0,1,1
Work,Alone,Sunny,55,7AM,Coffee House,2h,Female,36,Married partner,1,Bachelors degree,Education&Training&Library,$50000 - $62499,,1~3,4~8,1~3,1~3,1,1,0,0,1,0
No Urgent Place,Friend(s),Sunny,80,10AM,Bar,1d,Male,21,Single,0,High School Graduate,Unemployed,Less than $12500,,,,,,1,0,0,0,1,0
No Urgent Place,Friend(s),Sunny,80,2PM,Coffee House,1d,Male,21,Single,0,High School Graduate,Unemployed,Less than $12500,,,,,,1,0,0,0,1,1
No Urgent Place,Friend(s),Sunny,80,2PM,Restaurant(<20),1d,Male,21,Single,0,High School Graduate,Unemployed,Less than $12500,,,,,,1,1,0,0,1,1
No Urgent Place,Friend(s),Sunny,80,6PM,Coffee House,2h,Male,21,Single,0,High School Graduate,Unemployed,Less than $12500,,,,,,1,0,0,0,1,0
No Urgent Place,Friend(s),Sunny,55,2PM,Coffee House,2h,Male,21,Single,0,High School Graduate,Unemployed,Less than $12500,,,,,,1,0,0,0,1,1
No Urgent Place,Alone,Sunny,55,10AM,Coffee House,2h,Male,21,Single,0,High School Graduate,Unemployed,Less than $12500,,,,,,1,0,0,0,1,1
No Urgent Place,Friend(s),Sunny,80,10AM,Bar,1d,Male,50plus,Divorced,1,Bachelors degree,Computer & Mathematical,$25000 - $37499,,,,,,1,0,0,0,1,1
No Urgent Place,Friend(s),Sunny,80,2PM,Coffee House,1d,Male,50plus,Divorced,1,Bachelors degree,Computer & Mathematical,$25000 - $37499,,,,,,1,0,0,0,1,1
No Urgent Place,Friend(s),Sunny,80,2PM,Restaurant(<20),1d,Male,50plus,Divorced,1,Bachelors degree,Computer & Mathematical,$25000 - $37499,,,,,,1,1,0,0,1,1
No Urgent Place,Friend(s),Sunny,80,6PM,Coffee House,2h,Male,50plus,Divorced,1,Bachelors degree,Computer & Mathematical,$25000 - $37499,,,,,,1,0,0,0,1,1
No Urgent Place,Friend(s),Sunny,55,2PM,Coffee House,2h,Male,50plus,Divorced,1,Bachelors degree,Computer & Mathematical,$25000 - $37499,,,,,,1,0,0,0,1,1
No Urgent Place,Alone,Sunny,55,10AM,Coffee House,2h,Male,50plus,Divorced,1,Bachelors degree,Computer & Mathematical,$25000 - $37499,,,,,,1,0,0,0,1,0
No Urgent Place,Alone,Sunny,55,2PM,Restaurant(<20),1d,Female,21,Unmarried partner,0,Graduate degree (Masters or Doctorate),Student,$25000 - $37499,less1,4~8,1~3,,less1,1,0,0,0,1,1
No Urgent Place,Friend(s),Sunny,80,10AM,Coffee House,2h,Female,21,Unmarried partner,0,Graduate degree (Masters or Doctorate),Student,$25000 - $37499,less1,4~8,1~3,,less1,1,0,0,0,1,1
No Urgent Place,Friend(s),Sunny,80,10AM,Carry out & Take away,2h,Female,21,Unmarried partner,0,Graduate degree (Masters or Doctorate),Student,$25000 - $37499,less1,4~8,1~3,,less1,1,1,0,0,1,1
No Urgent Place,Friend(s),Sunny,80,2PM,Coffee House,2h,Female,21,Unmarried partner,0,Graduate degree (Masters or Doctorate),Student,$25000 - $37499,less1,4~8,1~3,,less1,1,1,0,0,1,1
No Urgent Place,Friend(s),Sunny,80,2PM,Coffee House,1d,Female,21,Unmarried partner,0,Graduate degree (Masters or Doctorate),Student,$25000 - $37499,less1,4~8,1~3,,less1,1,1,0,0,1,1
No Urgent Place,Friend(s),Sunny,80,6PM,Restaurant(<20),2h,Female,21,Unmarried partner,0,Graduate degree (Masters or Doctorate),Student,$25000 - $37499,less1,4~8,1~3,,less1,1,1,0,0,1,1
No Urgent Place,Friend(s),Sunny,55,2PM,Carry out & Take away,1d,Female,21,Unmarried partner,0,Graduate degree (Masters or Doctorate),Student,$25000 - $37499,less1,4~8,1~3,,less1,1,1,0,0,1,1
No Urgent Place,Partner,Sunny,80,10AM,Coffee House,2h,Female,21,Unmarried partner,0,Graduate degree (Masters or Doctorate),Student,$25000 - $37499,less1,4~8,1~3,,less1,1,0,0,0,1,1
No Urgent Place,Partner,Sunny,80,10AM,Restaurant(20-50),1d,Female,21,Unmarried partner,0,Graduate degree (Masters or Doctorate),Student,$25000 - $37499,less1,4~8,1~3,,less1,1,0,0,0,1,1
No Urgent Place,Partner,Sunny,80,10AM,Bar,2h,Female,21,Unmarried partner,0,Graduate degree (Masters or Doctorate),Student,$25000 - $37499,less1,4~8,1~3,,less1,1,0,0,0,1,1
No Urgent Place,Partner,Sunny,80,10AM,Coffee House,2h,Female,21,Unmarried partner,0,Graduate degree (Masters or Doctorate),Student,$25000 - $37499,less1,4~8,1~3,,less1,1,1,0,0,1,1
No Urgent Place,Partner,Sunny,80,6PM,Restaurant(<20),2h,Female,21,Unmarried partner,0,Graduate degree (Masters or Doctorate),Student,$25000 - $37499,less1,4~8,1~3,,less1,1,0,0,0,1,1
No Urgent Place,Partner,Sunny,80,6PM,Bar,1d,Female,21,Unmarried partner,0,Graduate degree (Masters or Doctorate),Student,$25000 - $37499,less1,4~8,1~3,,less1,1,1,0,0,1,1
Home,Alone,Sunny,55,6PM,Bar,1d,Female,21,Unmarried partner,0,Graduate degree (Masters or Doctorate),Student,$25000 - $37499,less1,4~8,1~3,,less1,1,0,0,1,0,0
Home,Alone,Sunny,55,6PM,Restaurant(20-50),1d,Female,21,Unmarried partner,0,Graduate degree (Masters or Doctorate),Student,$25000 - $37499,less1,4~8,1~3,,less1,1,1,0,0,1,1
Home,Alone,Sunny,80,6PM,Coffee House,2h,Female,21,Unmarried partner,0,Graduate degree (Masters or Doctorate),Student,$25000 - $37499,less1,4~8,1~3,,less1,1,0,0,0,1,1
Work,Alone,Sunny,55,7AM,Coffee House,2h,Female,21,Unmarried partner,0,Graduate degree (Masters or Doctorate),Student,$25000 - $37499,less1,4~8,1~3,,less1,1,1,1,0,1,0
Work,Alone,Sunny,55,7AM,Bar,1d,Female,21,Unmarried partner,0,Graduate degree (Masters or Doctorate),Student,$25000 - $37499,less1,4~8,1~3,,less1,1,1,1,0,1,1
Work,Alone,Sunny,80,7AM,Restaurant(20-50),1d,Female,21,Unmarried partner,0,Graduate degree (Masters or Doctorate),Student,$25000 - $37499,less1,4~8,1~3,,less1,1,1,0,0,1,1
Work,Alone,Sunny,80,7AM,Carry out & Take away,2h,Female,21,Unmarried partner,0,Graduate degree (Masters or Doctorate),Student,$25000 - $37499,less1,4~8,1~3,,less1,1,0,0,1,0,0
Work,Alone,Sunny,55,7AM,Restaurant(<20),1d,Female,21,Unmarried partner,0,Graduate degree (Masters or Doctorate),Student,$25000 - $37499,less1,4~8,1~3,,less1,1,0,0,0,1,0
Work,Alone,Sunny,55,7AM,Coffee House,2h,Female,21,Unmarried partner,0,Graduate degree (Masters or Doctorate),Student,$25000 - $37499,less1,4~8,1~3,,less1,1,1,0,0,1,0
No Urgent Place,Alone,Sunny,55,2PM,Restaurant(<20),1d,Male,21,Single,0,Bachelors degree,Arts Design Entertainment Sports & Media,$50000 - $62499,gt8,1~3,,4~8,less1,1,0,0,0,1,1
No Urgent Place,Friend(s),Sunny,80,10AM,Coffee House,2h,Male,21,Single,0,Bachelors degree,Arts Design Entertainment Sports & Media,$50000 - $62499,gt8,1~3,,4~8,less1,1,0,0,0,1,1
No Urgent Place,Friend(s),Sunny,80,10AM,Bar,1d,Male,21,Single,0,Bachelors degree,Arts Design Entertainment Sports & Media,$50000 - $62499,gt8,1~3,,4~8,less1,1,0,0,0,1,1
No Urgent Place,Friend(s),Sunny,80,10AM,Carry out & Take away,2h,Male,21,Single,0,Bachelors degree,Arts Design Entertainment Sports & Media,$50000 - $62499,gt8,1~3,,4~8,less1,1,1,0,0,1,0
No Urgent Place,Friend(s),Sunny,80,2PM,Coffee House,1d,Male,21,Single,0,Bachelors degree,Arts Design Entertainment Sports & Media,$50000 - $62499,gt8,1~3,,4~8,less1,1,0,0,0,1,1
No Urgent Place,Friend(s),Sunny,80,2PM,Coffee House,2h,Male,21,Single,0,Bachelors degree,Arts Design Entertainment Sports & Media,$50000 - $62499,gt8,1~3,,4~8,less1,1,1,0,0,1,0
No Urgent Place,Friend(s),Sunny,80,2PM,Coffee House,1d,Male,21,Single,0,Bachelors degree,Arts Design Entertainment Sports & Media,$50000 - $62499,gt8,1~3,,4~8,less1,1,1,0,0,1,1
No Urgent Place,Friend(s),Sunny,80,2PM,Restaurant(<20),1d,Male,21,Single,0,Bachelors degree,Arts Design Entertainment Sports & Media,$50000 - $62499,gt8,1~3,,4~8,less1,1,1,0,0,1,1
No Urgent Place,Friend(s),Sunny,80,6PM,Coffee House,2h,Male,21,Single,0,Bachelors degree,Arts Design Entertainment Sports & Media,$50000 - $62499,gt8,1~3,,4~8,less1,1,0,0,0,1,0
No Urgent Place,Friend(s),Sunny,80,6PM,Restaurant(<20),2h,Male,21,Single,0,Bachelors degree,Arts Design Entertainment Sports & Media,$50000 - $62499,gt8,1~3,,4~8,less1,1,1,0,0,1,1
No Urgent Place,Friend(s),Sunny,55,2PM,Coffee House,2h,Male,21,Single,0,Bachelors degree,Arts Design Entertainment Sports & Media,$50000 - $62499,gt8,1~3,,4~8,less1,1,0,0,0,1,0
No Urgent Place,Friend(s),Sunny,55,2PM,Carry out & Take away,1d,Male,21,Single,0,Bachelors degree,Arts Design Entertainment Sports & Media,$50000 - $62499,gt8,1~3,,4~8,less1,1,1,0,0,1,1
No Urgent Place,Alone,Sunny,55,10AM,Coffee House,2h,Male,21,Single,0,Bachelors degree,Arts Design Entertainment Sports & Media,$50000 - $62499,gt8,1~3,,4~8,less1,1,0,0,0,1,1
Home,Alone,Sunny,55,6PM,Bar,1d,Male,21,Single,0,Bachelors degree,Arts Design Entertainment Sports & Media,$50000 - $62499,gt8,1~3,,4~8,less1,1,0,0,1,0,1
Home,Alone,Sunny,55,6PM,Restaurant(20-50),1d,Male,21,Single,0,Bachelors degree,Arts Design Entertainment Sports & Media,$50000 - $62499,gt8,1~3,,4~8,less1,1,1,0,0,1,0
Home,Alone,Sunny,80,6PM,Coffee House,2h,Male,21,Single,0,Bachelors degree,Arts Design Entertainment Sports & Media,$50000 - $62499,gt8,1~3,,4~8,less1,1,0,0,0,1,0
Work,Alone,Sunny,55,7AM,Coffee House,2h,Male,21,Single,0,Bachelors degree,Arts Design Entertainment Sports & Media,$50000 - $62499,gt8,1~3,,4~8,less1,1,1,1,0,1,1
Work,Alone,Sunny,55,7AM,Bar,1d,Male,21,Single,0,Bachelors degree,Arts Design Entertainment Sports & Media,$50000 - $62499,gt8,1~3,,4~8,less1,1,1,1,0,1,1
Work,Alone,Sunny,80,7AM,Restaurant(20-50),1d,Male,21,Single,0,Bachelors degree,Arts Design Entertainment Sports & Media,$50000 - $62499,gt8,1~3,,4~8,less1,1,1,0,0,1,1
Work,Alone,Sunny,80,7AM,Carry out & Take away,2h,Male,21,Single,0,Bachelors degree,Arts Design Entertainment Sports & Media,$50000 - $62499,gt8,1~3,,4~8,less1,1,0,0,1,0,1
Work,Alone,Sunny,55,7AM,Restaurant(<20),1d,Male,21,Single,0,Bachelors degree,Arts Design Entertainment Sports & Media,$50000 - $62499,gt8,1~3,,4~8,less1,1,0,0,0,1,1
Work,Alone,Sunny,55,7AM,Coffee House,2h,Male,21,Single,0,Bachelors degree,Arts Design Entertainment Sports & Media,$50000 - $62499,gt8,1~3,,4~8,less1,1,1,0,0,1,0
No Urgent Place,Alone,Sunny,80,10AM,Bar,1d,Male,below21,Single,0,Some college - no degree,Student,$87500 - $99999,never,4~8,,4~8,less1,1,0,0,0,1,1
No Urgent Place,Friend(s),Sunny,80,10AM,Coffee House,2h,Male,below21,Single,0,Some college - no degree,Student,$87500 - $99999,never,4~8,,4~8,less1,1,1,0,0,1,1
No Urgent Place,Friend(s),Sunny,80,2PM,Restaurant(<20),2h,Male,below21,Single,0,Some college - no degree,Student,$87500 - $99999,never,4~8,,4~8,less1,1,1,0,0,1,1
No Urgent Place,Friend(s),Sunny,80,6PM,Restaurant(<20),1d,Male,below21,Single,0,Some college - no degree,Student,$87500 - $99999,never,4~8,,4~8,less1,1,1,0,0,1,1
No Urgent Place,Friend(s),Sunny,55,2PM,Coffee House,1d,Male,below21,Single,0,Some college - no degree,Student,$87500 - $99999,never,4~8,,4~8,less1,1,0,0,0,1,1
No Urgent Place,Alone,Sunny,80,2PM,Restaurant(<20),2h,Male,below21,Single,0,Some college - no degree,Student,$87500 - $99999,never,4~8,,4~8,less1,1,1,0,0,1,1
Home,Alone,Sunny,80,6PM,Coffee House,1d,Male,below21,Single,0,Some college - no degree,Student,$87500 - $99999,never,4~8,,4~8,less1,1,0,0,1,0,1
Home,Alone,Sunny,80,6PM,Coffee House,1d,Male,below21,Single,0,Some college - no degree,Student,$87500 - $99999,never,4~8,,4~8,less1,1,0,0,0,1,1
Home,Alone,Sunny,55,10PM,Carry out & Take away,1d,Male,below21,Single,0,Some college - no degree,Student,$87500 - $99999,never,4~8,,4~8,less1,1,1,1,0,1,1
Home,Alone,Sunny,80,6PM,Restaurant(<20),2h,Male,below21,Single,0,Some college - no degree,Student,$87500 - $99999,never,4~8,,4~8,less1,1,0,0,1,0,1
Home,Alone,Sunny,80,6PM,Coffee House,2h,Male,below21,Single,0,Some college - no degree,Student,$87500 - $99999,never,4~8,,4~8,less1,1,1,1,0,1,1
Home,Alone,Sunny,80,10PM,Restaurant(<20),2h,Male,below21,Single,0,Some college - no degree,Student,$87500 - $99999,never,4~8,,4~8,less1,1,0,0,1,0,0
Home,Alone,Sunny,80,10PM,Carry out & Take away,1d,Male,below21,Single,0,Some college - no degree,Student,$87500 - $99999,never,4~8,,4~8,less1,1,0,0,1,0,1
Home,Alone,Sunny,80,10PM,Bar,1d,Male,below21,Single,0,Some college - no degree,Student,$87500 - $99999,never,4~8,,4~8,less1,1,1,0,1,0,1
Work,Alone,Sunny,80,7AM,Coffee House,2h,Male,below21,Single,0,Some college - no degree,Student,$87500 - $99999,never,4~8,,4~8,less1,1,0,0,1,0,1
Work,Alone,Sunny,80,7AM,Coffee House,2h,Male,below21,Single,0,Some college - no degree,Student,$87500 - $99999,never,4~8,,4~8,less1,1,1,0,1,0,1
Work,Alone,Sunny,80,7AM,Restaurant(20-50),2h,Male,below21,Single,0,Some college - no degree,Student,$87500 - $99999,never,4~8,,4~8,less1,1,1,0,0,1,0
Work,Alone,Sunny,80,7AM,Carry out & Take away,1d,Male,below21,Single,0,Some college - no degree,Student,$87500 - $99999,never,4~8,,4~8,less1,1,1,1,0,1,1
Work,Alone,Sunny,80,7AM,Carry out & Take away,1d,Male,below21,Single,0,Some college - no degree,Student,$87500 - $99999,never,4~8,,4~8,less1,1,1,1,0,1,1
Work,Alone,Sunny,80,7AM,Carry out & Take away,1d,Male,below21,Single,0,Some college - no degree,Student,$87500 - $99999,never,4~8,,4~8,less1,1,0,0,1,0,1
Work,Alone,Sunny,55,7AM,Coffee House,1d,Male,below21,Single,0,Some college - no degree,Student,$87500 - $99999,never,4~8,,4~8,less1,1,1,0,0,1,1
No Urgent Place,Alone,Sunny,80,10AM,Bar,1d,Male,31,Married partner,1,Bachelors degree,Management,$50000 - $62499,never,never,never,less1,,1,0,0,0,1,0
No Urgent Place,Friend(s),Sunny,80,10AM,Coffee House,2h,Male,31,Married partner,1,Bachelors degree,Management,$50000 - $62499,never,never,never,less1,,1,1,0,0,1,1
No Urgent Place,Friend(s),Sunny,80,2PM,Restaurant(<20),2h,Male,31,Married partner,1,Bachelors degree,Management,$50000 - $62499,never,never,never,less1,,1,1,0,0,1,1
No Urgent Place,Friend(s),Sunny,80,6PM,Restaurant(<20),1d,Male,31,Married partner,1,Bachelors degree,Management,$50000 - $62499,never,never,never,less1,,1,1,0,0,1,1
No Urgent Place,Friend(s),Sunny,55,2PM,Coffee House,1d,Male,31,Married partner,1,Bachelors degree,Management,$50000 - $62499,never,never,never,less1,,1,0,0,0,1,0
No Urgent Place,Kid(s),Sunny,80,10AM,Restaurant(<20),1d,Male,31,Married partner,1,Bachelors degree,Management,$50000 - $62499,never,never,never,less1,,1,1,0,0,1,0
No Urgent Place,Kid(s),Sunny,80,10AM,Carry out & Take away,1d,Male,31,Married partner,1,Bachelors degree,Management,$50000 - $62499,never,never,never,less1,,1,1,0,0,1,1
No Urgent Place,Kid(s),Sunny,80,10AM,Bar,2h,Male,31,Married partner,1,Bachelors degree,Management,$50000 - $62499,never,never,never,less1,,1,1,0,0,1,0
No Urgent Place,Kid(s),Sunny,80,2PM,Restaurant(<20),2h,Male,31,Married partner,1,Bachelors degree,Management,$50000 - $62499,never,never,never,less1,,1,0,0,0,1,0
No Urgent Place,Kid(s),Sunny,55,2PM,Coffee House,2h,Male,31,Married partner,1,Bachelors degree,Management,$50000 - $62499,never,never,never,less1,,1,1,0,0,1,0
No Urgent Place,Kid(s),Sunny,55,6PM,Coffee House,1d,Male,31,Married partner,1,Bachelors degree,Management,$50000 - $62499,never,never,never,less1,,1,1,0,0,1,0
Home,Alone,Sunny,80,6PM,Coffee House,1d,Male,31,Married partner,1,Bachelors degree,Management,$50000 - $62499,never,never,never,less1,,1,0,0,1,0,1
Home,Alone,Sunny,80,6PM,Coffee House,1d,Male,31,Married partner,1,Bachelors degree,Management,$50000 - $62499,never,never,never,less1,,1,0,0,0,1,0
Home,Alone,Sunny,80,6PM,Restaurant(<20),2h,Male,31,Married partner,1,Bachelors degree,Management,$50000 - $62499,never,never,never,less1,,1,0,0,1,0,1
Home,Alone,Sunny,80,6PM,Coffee House,2h,Male,31,Married partner,1,Bachelors degree,Management,$50000 - $62499,never,never,never,less1,,1,1,1,0,1,0
Home,Alone,Sunny,80,10PM,Restaurant(<20),2h,Male,31,Married partner,1,Bachelors degree,Management,$50000 - $62499,never,never,never,less1,,1,0,0,1,0,1
Home,Alone,Sunny,80,10PM,Carry out & Take away,1d,Male,31,Married partner,1,Bachelors degree,Management,$50000 - $62499,never,never,never,less1,,1,0,0,1,0,1
Work,Alone,Sunny,80,7AM,Coffee House,2h,Male,31,Married partner,1,Bachelors degree,Management,$50000 - $62499,never,never,never,less1,,1,0,0,1,0,0
Work,Alone,Sunny,80,7AM,Coffee House,2h,Male,31,Married partner,1,Bachelors degree,Management,$50000 - $62499,never,never,never,less1,,1,1,0,1,0,1
Work,Alone,Sunny,80,7AM,Carry out & Take away,1d,Male,31,Married partner,1,Bachelors degree,Management,$50000 - $62499,never,never,never,less1,,1,1,1,0,1,0
Work,Alone,Sunny,80,7AM,Carry out & Take away,1d,Male,31,Married partner,1,Bachelors degree,Management,$50000 - $62499,never,never,never,less1,,1,0,0,1,0,0
Work,Alone,Sunny,55,7AM,Coffee House,1d,Male,31,Married partner,1,Bachelors degree,Management,$50000 - $62499,never,never,never,less1,,1,1,0,0,1,1
No Urgent Place,Alone,Sunny,80,10AM,Bar,1d,Female,26,Single,0,Bachelors degree,Personal Care & Service,$12500 - $24999,never,,1~3,1~3,less1,1,0,0,0,1,0
No Urgent Place,Friend(s),Sunny,80,10AM,Coffee House,2h,Female,26,Single,0,Bachelors degree,Personal Care & Service,$12500 - $24999,never,,1~3,1~3,less1,1,1,0,0,1,1
No Urgent Place,Friend(s),Sunny,80,2PM,Restaurant(<20),2h,Female,26,Single,0,Bachelors degree,Personal Care & Service,$12500 - $24999,never,,1~3,1~3,less1,1,1,0,0,1,1
No Urgent Place,Friend(s),Sunny,80,6PM,Restaurant(<20),1d,Female,26,Single,0,Bachelors degree,Personal Care & Service,$12500 - $24999,never,,1~3,1~3,less1,1,1,0,0,1,1
No Urgent Place,Friend(s),Sunny,55,2PM,Coffee House,1d,Female,26,Single,0,Bachelors degree,Personal Care & Service,$12500 - $24999,never,,1~3,1~3,less1,1,0,0,0,1,1
No Urgent Place,Alone,Sunny,80,2PM,Restaurant(<20),2h,Female,26,Single,0,Bachelors degree,Personal Care & Service,$12500 - $24999,never,,1~3,1~3,less1,1,1,0,0,1,1
Home,Alone,Sunny,55,6PM,Restaurant(20-50),2h,Female,26,Single,0,Bachelors degree,Personal Care & Service,$12500 - $24999,never,,1~3,1~3,less1,1,1,0,0,1,0
Home,Alone,Sunny,80,6PM,Coffee House,1d,Female,26,Single,0,Bachelors degree,Personal Care & Service,$12500 - $24999,never,,1~3,1~3,less1,1,0,0,1,0,1
Home,Alone,Sunny,80,6PM,Coffee House,1d,Female,26,Single,0,Bachelors degree,Personal Care & Service,$12500 - $24999,never,,1~3,1~3,less1,1,0,0,0,1,0
Home,Alone,Sunny,55,10PM,Carry out & Take away,1d,Female,26,Single,0,Bachelors degree,Personal Care & Service,$12500 - $24999,never,,1~3,1~3,less1,1,1,1,0,1,0
Home,Alone,Sunny,80,6PM,Restaurant(<20),2h,Female,26,Single,0,Bachelors degree,Personal Care & Service,$12500 - $24999,never,,1~3,1~3,less1,1,0,0,1,0,1
Home,Alone,Sunny,80,6PM,Coffee House,2h,Female,26,Single,0,Bachelors degree,Personal Care & Service,$12500 - $24999,never,,1~3,1~3,less1,1,1,1,0,1,0
Home,Alone,Sunny,80,10PM,Restaurant(<20),2h,Female,26,Single,0,Bachelors degree,Personal Care & Service,$12500 - $24999,never,,1~3,1~3,less1,1,0,0,1,0,0
Home,Alone,Sunny,80,10PM,Carry out & Take away,1d,Female,26,Single,0,Bachelors degree,Personal Care & Service,$12500 - $24999,never,,1~3,1~3,less1,1,0,0,1,0,0
Home,Alone,Sunny,80,10PM,Bar,1d,Female,26,Single,0,Bachelors degree,Personal Care & Service,$12500 - $24999,never,,1~3,1~3,less1,1,1,0,1,0,0
Work,Alone,Sunny,80,7AM,Coffee House,2h,Female,26,Single,0,Bachelors degree,Personal Care & Service,$12500 - $24999,never,,1~3,1~3,less1,1,0,0,1,0,1
Work,Alone,Sunny,80,7AM,Coffee House,2h,Female,26,Single,0,Bachelors degree,Personal Care & Service,$12500 - $24999,never,,1~3,1~3,less1,1,1,0,1,0,1
Work,Alone,Sunny,80,7AM,Restaurant(20-50),2h,Female,26,Single,0,Bachelors degree,Personal Care & Service,$12500 - $24999,never,,1~3,1~3,less1,1,1,0,0,1,0
Work,Alone,Sunny,80,7AM,Carry out & Take away,1d,Female,26,Single,0,Bachelors degree,Personal Care & Service,$12500 - $24999,never,,1~3,1~3,less1,1,1,1,0,1,1
Work,Alone,Sunny,80,7AM,Carry out & Take away,1d,Female,26,Single,0,Bachelors degree,Personal Care & Service,$12500 - $24999,never,,1~3,1~3,less1,1,1,1,0,1,0
Work,Alone,Sunny,80,7AM,Carry out & Take away,1d,Female,26,Single,0,Bachelors degree,Personal Care & Service,$12500 - $24999,never,,1~3,1~3,less1,1,0,0,1,0,1
Work,Alone,Sunny,55,7AM,Coffee House,1d,Female,26,Single,0,Bachelors degree,Personal Care & Service,$12500 - $24999,never,,1~3,1~3,less1,1,1,0,0,1,0
No Urgent Place,Alone,Sunny,80,10AM,Bar,1d,Female,31,Single,1,Bachelors degree,Production Occupations,$37500 - $49999,less1,less1,4~8,,less1,1,0,0,0,1,0
No Urgent Place,Friend(s),Sunny,80,10AM,Coffee House,2h,Female,31,Single,1,Bachelors degree,Production Occupations,$37500 - $49999,less1,less1,4~8,,less1,1,1,0,0,1,0
No Urgent Place,Friend(s),Sunny,80,2PM,Restaurant(<20),2h,Female,31,Single,1,Bachelors degree,Production Occupations,$37500 - $49999,less1,less1,4~8,,less1,1,1,0,0,1,0
No Urgent Place,Friend(s),Sunny,80,6PM,Restaurant(<20),1d,Female,31,Single,1,Bachelors degree,Production Occupations,$37500 - $49999,less1,less1,4~8,,less1,1,1,0,0,1,1
No Urgent Place,Friend(s),Sunny,55,2PM,Coffee House,1d,Female,31,Single,1,Bachelors degree,Production Occupations,$37500 - $49999,less1,less1,4~8,,less1,1,0,0,0,1,1
No Urgent Place,Alone,Sunny,80,2PM,Restaurant(<20),2h,Female,31,Single,1,Bachelors degree,Production Occupations,$37500 - $49999,less1,less1,4~8,,less1,1,1,0,0,1,1
Home,Alone,Sunny,55,6PM,Restaurant(20-50),2h,Female,31,Single,1,Bachelors degree,Production Occupations,$37500 - $49999,less1,less1,4~8,,less1,1,1,0,0,1,0
Home,Alone,Sunny,80,6PM,Coffee House,1d,Female,31,Single,1,Bachelors degree,Production Occupations,$37500 - $49999,less1,less1,4~8,,less1,1,0,0,1,0,0
Home,Alone,Sunny,80,6PM,Coffee House,1d,Female,31,Single,1,Bachelors degree,Production Occupations,$37500 - $49999,less1,less1,4~8,,less1,1,0,0,0,1,0
Home,Alone,Sunny,55,10PM,Carry out & Take away,1d,Female,31,Single,1,Bachelors degree,Production Occupations,$37500 - $49999,less1,less1,4~8,,less1,1,1,1,0,1,0
Home,Alone,Sunny,80,6PM,Restaurant(<20),2h,Female,31,Single,1,Bachelors degree,Production Occupations,$37500 - $49999,less1,less1,4~8,,less1,1,0,0,1,0,1
Home,Alone,Sunny,80,6PM,Coffee House,2h,Female,31,Single,1,Bachelors degree,Production Occupations,$37500 - $49999,less1,less1,4~8,,less1,1,1,1,0,1,0
Home,Alone,Sunny,80,10PM,Restaurant(<20),2h,Female,31,Single,1,Bachelors degree,Production Occupations,$37500 - $49999,less1,less1,4~8,,less1,1,0,0,1,0,0
Home,Alone,Sunny,80,10PM,Carry out & Take away,1d,Female,31,Single,1,Bachelors degree,Production Occupations,$37500 - $49999,less1,less1,4~8,,less1,1,0,0,1,0,1
Home,Alone,Sunny,80,10PM,Bar,1d,Female,31,Single,1,Bachelors degree,Production Occupations,$37500 - $49999,less1,less1,4~8,,less1,1,1,0,1,0,1
Work,Alone,Sunny,80,7AM,Coffee House,2h,Female,31,Single,1,Bachelors degree,Production Occupations,$37500 - $49999,less1,less1,4~8,,less1,1,0,0,1,0,0
Work,Alone,Sunny,80,7AM,Coffee House,2h,Female,31,Single,1,Bachelors degree,Production Occupations,$37500 - $49999,less1,less1,4~8,,less1,1,1,0,1,0,0
Work,Alone,Sunny,80,7AM,Restaurant(20-50),2h,Female,31,Single,1,Bachelors degree,Production Occupations,$37500 - $49999,less1,less1,4~8,,less1,1,1,0,0,1,0
Work,Alone,Sunny,80,7AM,Carry out & Take away,1d,Female,31,Single,1,Bachelors degree,Production Occupations,$37500 - $49999,less1,less1,4~8,,less1,1,1,1,0,1,0
Work,Alone,Sunny,80,7AM,Carry out & Take away,1d,Female,31,Single,1,Bachelors degree,Production Occupations,$37500 - $49999,less1,less1,4~8,,less1,1,1,1,0,1,0
Work,Alone,Sunny,80,7AM,Carry out & Take away,1d,Female,31,Single,1,Bachelors degree,Production Occupations,$37500 - $49999,less1,less1,4~8,,less1,1,0,0,1,0,0
Work,Alone,Sunny,55,7AM,Coffee House,1d,Female,31,Single,1,Bachelors degree,Production Occupations,$37500 - $49999,less1,less1,4~8,,less1,1,1,0,0,1,0
No Urgent Place,Kid(s),Rainy,55,10AM,Coffee House,1d,Male,36,Married partner,1,Associates degree,Management,$87500 - $99999,never,,less1,less1,never,1,0,0,0,1,1
No Urgent Place,Kid(s),Rainy,55,6PM,Carry out & Take away,1d,Male,36,Married partner,1,Associates degree,Management,$87500 - $99999,never,,less1,less1,never,1,1,0,0,1,1
No Urgent Place,Alone,Sunny,55,6PM,Coffee House,1d,Male,36,Married partner,1,Associates degree,Management,$87500 - $99999,never,,less1,less1,never,1,0,0,0,1,0
No Urgent Place,Friend(s),Sunny,80,6PM,Restaurant(20-50),2h,Male,36,Married partner,1,Associates degree,Management,$87500 - $99999,never,,less1,less1,never,1,1,0,0,1,0
No Urgent Place,Friend(s),Sunny,30,10PM,Coffee House,1d,Male,36,Married partner,1,Associates degree,Management,$87500 - $99999,never,,less1,less1,never,1,0,0,0,1,0
No Urgent Place,Alone,Sunny,55,10PM,Restaurant(20-50),1d,Male,36,Married partner,1,Associates degree,Management,$87500 - $99999,never,,less1,less1,never,1,0,0,0,1,0
No Urgent Place,Friend(s),Rainy,55,6PM,Restaurant(<20),2h,Male,36,Married partner,1,Associates degree,Management,$87500 - $99999,never,,less1,less1,never,1,0,0,0,1,1
No Urgent Place,Kid(s),Sunny,80,10AM,Coffee House,2h,Male,36,Married partner,1,Associates degree,Management,$87500 - $99999,never,,less1,less1,never,1,0,0,0,1,1
Home,Alone,Sunny,80,6PM,Coffee House,2h,Male,36,Married partner,1,Associates degree,Management,$87500 - $99999,never,,less1,less1,never,1,0,0,1,0,0
Home,Alone,Sunny,55,6PM,Coffee House,1d,Male,36,Married partner,1,Associates degree,Management,$87500 - $99999,never,,less1,less1,never,1,1,0,1,0,0
Home,Kid(s),Sunny,55,6PM,Restaurant(20-50),1d,Male,36,Married partner,1,Associates degree,Management,$87500 - $99999,never,,less1,less1,never,1,1,1,0,1,0
Home,Alone,Sunny,55,6PM,Bar,2h,Male,36,Married partner,1,Associates degree,Management,$87500 - $99999,never,,less1,less1,never,1,1,0,1,0,0
Home,Kid(s),Snowy,30,10PM,Restaurant(20-50),2h,Male,36,Married partner,1,Associates degree,Management,$87500 - $99999,never,,less1,less1,never,1,1,0,0,1,0
Home,Alone,Sunny,80,6PM,Coffee House,1d,Male,36,Married partner,1,Associates degree,Management,$87500 - $99999,never,,less1,less1,never,1,1,0,0,1,0
Home,Alone,Snowy,30,6PM,Coffee House,1d,Male,36,Married partner,1,Associates degree,Management,$87500 - $99999,never,,less1,less1,never,1,1,0,1,0,1
Home,Alone,Sunny,80,10PM,Carry out & Take away,1d,Male,36,Married partner,1,Associates degree,Management,$87500 - $99999,never,,less1,less1,never,1,0,0,0,1,1
Work,Alone,Sunny,55,7AM,Coffee House,1d,Male,36,Married partner,1,Associates degree,Management,$87500 - $99999,never,,less1,less1,never,1,1,1,0,1,1
Work,Alone,Sunny,55,7AM,Bar,1d,Male,36,Married partner,1,Associates degree,Management,$87500 - $99999,never,,less1,less1,never,1,1,1,0,1,0
Work,Alone,Sunny,80,7AM,Coffee House,1d,Male,36,Married partner,1,Associates degree,Management,$87500 - $99999,never,,less1,less1,never,1,1,0,1,0,1
Work,Alone,Sunny,30,7AM,Bar,1d,Male,36,Married partner,1,Associates degree,Management,$87500 - $99999,never,,less1,less1,never,1,0,0,0,1,0
Work,Alone,Rainy,55,7AM,Bar,1d,Male,36,Married partner,1,Associates degree,Management,$87500 - $99999,never,,less1,less1,never,1,0,0,0,1,1
Work,Alone,Snowy,30,7AM,Restaurant(<20),2h,Male,36,Married partner,1,Associates degree,Management,$87500 - $99999,never,,less1,less1,never,1,1,1,0,1,1
No Urgent Place,Alone,Sunny,80,10AM,Coffee House,1d,Male,26,Married partner,0,Bachelors degree,Education&Training&Library,$37500 - $49999,never,,1~3,1~3,less1,1,1,0,0,1,1
No Urgent Place,Alone,Sunny,55,6PM,Coffee House,2h,Male,26,Married partner,0,Bachelors degree,Education&Training&Library,$37500 - $49999,never,,1~3,1~3,less1,1,0,0,0,1,1
No Urgent Place,Friend(s),Sunny,80,2PM,Restaurant(20-50),2h,Male,26,Married partner,0,Bachelors degree,Education&Training&Library,$37500 - $49999,never,,1~3,1~3,less1,1,1,0,0,1,0
No Urgent Place,Friend(s),Sunny,80,6PM,Coffee House,1d,Male,26,Married partner,0,Bachelors degree,Education&Training&Library,$37500 - $49999,never,,1~3,1~3,less1,1,0,0,0,1,1
No Urgent Place,Friend(s),Sunny,30,10PM,Restaurant(<20),2h,Male,26,Married partner,0,Bachelors degree,Education&Training&Library,$37500 - $49999,never,,1~3,1~3,less1,1,0,0,0,1,1
No Urgent Place,Friend(s),Rainy,55,10PM,Bar,2h,Male,26,Married partner,0,Bachelors degree,Education&Training&Library,$37500 - $49999,never,,1~3,1~3,less1,1,1,0,0,1,0
No Urgent Place,Friend(s),Snowy,30,10AM,Carry out & Take away,1d,Male,26,Married partner,0,Bachelors degree,Education&Training&Library,$37500 - $49999,never,,1~3,1~3,less1,1,1,0,0,1,1
No Urgent Place,Friend(s),Snowy,30,10PM,Carry out & Take away,1d,Male,26,Married partner,0,Bachelors degree,Education&Training&Library,$37500 - $49999,never,,1~3,1~3,less1,1,1,0,0,1,1
No Urgent Place,Partner,Sunny,80,10PM,Restaurant(<20),1d,Male,26,Married partner,0,Bachelors degree,Education&Training&Library,$37500 - $49999,never,,1~3,1~3,less1,1,1,0,0,1,1
No Urgent Place,Partner,Sunny,30,10AM,Bar,1d,Male,26,Married partner,0,Bachelors degree,Education&Training&Library,$37500 - $49999,never,,1~3,1~3,less1,1,1,0,0,1,0
No Urgent Place,Partner,Rainy,55,10AM,Carry out & Take away,2h,Male,26,Married partner,0,Bachelors degree,Education&Training&Library,$37500 - $49999,never,,1~3,1~3,less1,1,0,0,0,1,1
No Urgent Place,Partner,Rainy,55,2PM,Restaurant(<20),2h,Male,26,Married partner,0,Bachelors degree,Education&Training&Library,$37500 - $49999,never,,1~3,1~3,less1,1,1,0,0,1,1
No Urgent Place,Partner,Snowy,30,2PM,Coffee House,2h,Male,26,Married partner,0,Bachelors degree,Education&Training&Library,$37500 - $49999,never,,1~3,1~3,less1,1,1,0,0,1,0
Home,Alone,Sunny,30,6PM,Carry out & Take away,2h,Male,26,Married partner,0,Bachelors degree,Education&Training&Library,$37500 - $49999,never,,1~3,1~3,less1,1,1,0,1,0,1
Home,Alone,Snowy,30,6PM,Coffee House,1d,Male,26,Married partner,0,Bachelors degree,Education&Training&Library,$37500 - $49999,never,,1~3,1~3,less1,1,1,0,0,1,1
Home,Alone,Snowy,30,10PM,Restaurant(20-50),2h,Male,26,Married partner,0,Bachelors degree,Education&Training&Library,$37500 - $49999,never,,1~3,1~3,less1,1,0,0,0,1,0
Home,Partner,Sunny,80,6PM,Coffee House,1d,Male,26,Married partner,0,Bachelors degree,Education&Training&Library,$37500 - $49999,never,,1~3,1~3,less1,1,0,0,1,0,1
Home,Alone,Sunny,80,6PM,Bar,2h,Male,26,Married partner,0,Bachelors degree,Education&Training&Library,$37500 - $49999,never,,1~3,1~3,less1,1,0,0,1,0,0
Work,Alone,Rainy,55,7AM,Restaurant(<20),2h,Male,26,Married partner,0,Bachelors degree,Education&Training&Library,$37500 - $49999,never,,1~3,1~3,less1,1,1,1,0,1,1
Work,Alone,Snowy,30,7AM,Restaurant(<20),2h,Male,26,Married partner,0,Bachelors degree,Education&Training&Library,$37500 - $49999,never,,1~3,1~3,less1,1,1,1,0,1,1
Work,Alone,Snowy,30,7AM,Restaurant(20-50),1d,Male,26,Married partner,0,Bachelors degree,Education&Training&Library,$37500 - $49999,never,,1~3,1~3,less1,1,1,1,0,1,0
Work,Alone,Sunny,80,7AM,Restaurant(<20),1d,Male,26,Married partner,0,Bachelors degree,Education&Training&Library,$37500 - $49999,never,,1~3,1~3,less1,1,0,0,1,0,1
No Urgent Place,Kid(s),Rainy,55,6PM,Carry out & Take away,2h,Female,50plus,Married partner,1,Associates degree,Office & Administrative Support,$75000 - $87499,1~3,4~8,,4~8,4~8,1,1,0,0,1,1
No Urgent Place,Kid(s),Rainy,55,10PM,Bar,1d,Female,50plus,Married partner,1,Associates degree,Office & Administrative Support,$75000 - $87499,1~3,4~8,,4~8,4~8,1,1,0,0,1,0
No Urgent Place,Kid(s),Snowy,30,6PM,Bar,1d,Female,50plus,Married partner,1,Associates degree,Office & Administrative Support,$75000 - $87499,1~3,4~8,,4~8,4~8,1,1,0,0,1,1
No Urgent Place,Alone,Sunny,80,10AM,Coffee House,1d,Female,50plus,Married partner,1,Associates degree,Office & Administrative Support,$75000 - $87499,1~3,4~8,,4~8,4~8,1,1,0,0,1,0
No Urgent Place,Alone,Sunny,55,6PM,Coffee House,2h,Female,50plus,Married partner,1,Associates degree,Office & Administrative Support,$75000 - $87499,1~3,4~8,,4~8,4~8,1,0,0,0,1,0
No Urgent Place,Friend(s),Sunny,80,2PM,Restaurant(20-50),2h,Female,50plus,Married partner,1,Associates degree,Office & Administrative Support,$75000 - $87499,1~3,4~8,,4~8,4~8,1,1,0,0,1,0
No Urgent Place,Friend(s),Sunny,80,6PM,Coffee House,1d,Female,50plus,Married partner,1,Associates degree,Office & Administrative Support,$75000 - $87499,1~3,4~8,,4~8,4~8,1,0,0,0,1,0
No Urgent Place,Friend(s),Sunny,30,10PM,Restaurant(<20),2h,Female,50plus,Married partner,1,Associates degree,Office & Administrative Support,$75000 - $87499,1~3,4~8,,4~8,4~8,1,0,0,0,1,0
No Urgent Place,Friend(s),Rainy,55,10PM,Bar,2h,Female,50plus,Married partner,1,Associates degree,Office & Administrative Support,$75000 - $87499,1~3,4~8,,4~8,4~8,1,1,0,0,1,1
No Urgent Place,Friend(s),Snowy,30,10AM,Carry out & Take away,1d,Female,50plus,Married partner,1,Associates degree,Office & Administrative Support,$75000 - $87499,1~3,4~8,,4~8,4~8,1,1,0,0,1,1
No Urgent Place,Friend(s),Snowy,30,10PM,Carry out & Take away,1d,Female,50plus,Married partner,1,Associates degree,Office & Administrative Support,$75000 - $87499,1~3,4~8,,4~8,4~8,1,1,0,0,1,1
No Urgent Place,Kid(s),Sunny,80,2PM,Restaurant(20-50),1d,Female,50plus,Married partner,1,Associates degree,Office & Administrative Support,$75000 - $87499,1~3,4~8,,4~8,4~8,1,0,0,0,1,1
No Urgent Place,Kid(s),Sunny,55,2PM,Coffee House,1d,Female,50plus,Married partner,1,Associates degree,Office & Administrative Support,$75000 - $87499,1~3,4~8,,4~8,4~8,1,1,0,0,1,1
Home,Alone,Sunny,30,6PM,Carry out & Take away,2h,Female,50plus,Married partner,1,Associates degree,Office & Administrative Support,$75000 - $87499,1~3,4~8,,4~8,4~8,1,1,0,1,0,1
Home,Alone,Snowy,30,6PM,Coffee House,1d,Female,50plus,Married partner,1,Associates degree,Office & Administrative Support,$75000 - $87499,1~3,4~8,,4~8,4~8,1,1,0,0,1,0
Home,Alone,Snowy,30,10PM,Restaurant(20-50),2h,Female,50plus,Married partner,1,Associates degree,Office & Administrative Support,$75000 - $87499,1~3,4~8,,4~8,4~8,1,0,0,0,1,0
Home,Alone,Sunny,80,6PM,Bar,2h,Female,50plus,Married partner,1,Associates degree,Office & Administrative Support,$75000 - $87499,1~3,4~8,,4~8,4~8,1,0,0,1,0,1
Home,Partner,Sunny,30,10PM,Carry out & Take away,2h,Female,50plus,Married partner,1,Associates degree,Office & Administrative Support,$75000 - $87499,1~3,4~8,,4~8,4~8,1,1,0,0,1,1
Work,Alone,Rainy,55,7AM,Restaurant(<20),2h,Female,50plus,Married partner,1,Associates degree,Office & Administrative Support,$75000 - $87499,1~3,4~8,,4~8,4~8,1,1,1,0,1,0
Work,Alone,Snowy,30,7AM,Restaurant(<20),2h,Female,50plus,Married partner,1,Associates degree,Office & Administrative Support,$75000 - $87499,1~3,4~8,,4~8,4~8,1,1,1,0,1,0
Work,Alone,Snowy,30,7AM,Restaurant(20-50),1d,Female,50plus,Married partner,1,Associates degree,Office & Administrative Support,$75000 - $87499,1~3,4~8,,4~8,4~8,1,1,1,0,1,1
Work,Alone,Sunny,80,7AM,Restaurant(<20),1d,Female,50plus,Married partner,1,Associates degree,Office & Administrative Support,$75000 - $87499,1~3,4~8,,4~8,4~8,1,0,0,1,0,1
No Urgent Place,Alone,Sunny,80,10AM,Coffee House,1d,Female,26,Married partner,0,Bachelors degree,Unemployed,$87500 - $99999,1~3,less1,,less1,less1,1,1,0,0,1,1
No Urgent Place,Alone,Sunny,55,6PM,Coffee House,2h,Female,26,Married partner,0,Bachelors degree,Unemployed,$87500 - $99999,1~3,less1,,less1,less1,1,0,0,0,1,1
No Urgent Place,Friend(s),Sunny,80,2PM,Restaurant(20-50),2h,Female,26,Married partner,0,Bachelors degree,Unemployed,$87500 - $99999,1~3,less1,,less1,less1,1,1,0,0,1,1
No Urgent Place,Friend(s),Sunny,80,6PM,Coffee House,1d,Female,26,Married partner,0,Bachelors degree,Unemployed,$87500 - $99999,1~3,less1,,less1,less1,1,0,0,0,1,1
No Urgent Place,Friend(s),Sunny,30,10PM,Restaurant(<20),2h,Female,26,Married partner,0,Bachelors degree,Unemployed,$87500 - $99999,1~3,less1,,less1,less1,1,0,0,0,1,1
No Urgent Place,Friend(s),Rainy,55,10PM,Bar,2h,Female,26,Married partner,0,Bachelors degree,Unemployed,$87500 - $99999,1~3,less1,,less1,less1,1,1,0,0,1,1
No Urgent Place,Friend(s),Snowy,30,10AM,Carry out & Take away,1d,Female,26,Married partner,0,Bachelors degree,Unemployed,$87500 - $99999,1~3,less1,,less1,less1,1,1,0,0,1,0
No Urgent Place,Friend(s),Snowy,30,10PM,Carry out & Take away,1d,Female,26,Married partner,0,Bachelors degree,Unemployed,$87500 - $99999,1~3,less1,,less1,less1,1,1,0,0,1,0
No Urgent Place,Partner,Sunny,80,10PM,Restaurant(<20),1d,Female,26,Married partner,0,Bachelors degree,Unemployed,$87500 - $99999,1~3,less1,,less1,less1,1,1,0,0,1,0
No Urgent Place,Partner,Sunny,30,10AM,Bar,1d,Female,26,Married partner,0,Bachelors degree,Unemployed,$87500 - $99999,1~3,less1,,less1,less1,1,1,0,0,1,0
No Urgent Place,Partner,Rainy,55,10AM,Carry out & Take away,2h,Female,26,Married partner,0,Bachelors degree,Unemployed,$87500 - $99999,1~3,less1,,less1,less1,1,0,0,0,1,1
No Urgent Place,Partner,Rainy,55,2PM,Restaurant(<20),2h,Female,26,Married partner,0,Bachelors degree,Unemployed,$87500 - $99999,1~3,less1,,less1,less1,1,1,0,0,1,0
No Urgent Place,Partner,Snowy,30,2PM,Coffee House,2h,Female,26,Married partner,0,Bachelors degree,Unemployed,$87500 - $99999,1~3,less1,,less1,less1,1,1,0,0,1,1
Home,Alone,Sunny,30,6PM,Carry out & Take away,2h,Female,26,Married partner,0,Bachelors degree,Unemployed,$87500 - $99999,1~3,less1,,less1,less1,1,1,0,1,0,1
Home,Alone,Snowy,30,6PM,Coffee House,1d,Female,26,Married partner,0,Bachelors degree,Unemployed,$87500 - $99999,1~3,less1,,less1,less1,1,1,0,0,1,0
Home,Alone,Snowy,30,10PM,Restaurant(20-50),2h,Female,26,Married partner,0,Bachelors degree,Unemployed,$87500 - $99999,1~3,less1,,less1,less1,1,0,0,0,1,0
Home,Partner,Sunny,80,6PM,Coffee House,1d,Female,26,Married partner,0,Bachelors degree,Unemployed,$87500 - $99999,1~3,less1,,less1,less1,1,0,0,1,0,1
Home,Alone,Sunny,80,6PM,Bar,2h,Female,26,Married partner,0,Bachelors degree,Unemployed,$87500 - $99999,1~3,less1,,less1,less1,1,0,0,1,0,1
Work,Alone,Rainy,55,7AM,Restaurant(<20),2h,Female,26,Married partner,0,Bachelors degree,Unemployed,$87500 - $99999,1~3,less1,,less1,less1,1,1,1,0,1,0
Work,Alone,Snowy,30,7AM,Restaurant(<20),2h,Female,26,Married partner,0,Bachelors degree,Unemployed,$87500 - $99999,1~3,less1,,less1,less1,1,1,1,0,1,0
Work,Alone,Snowy,30,7AM,Restaurant(20-50),1d,Female,26,Married partner,0,Bachelors degree,Unemployed,$87500 - $99999,1~3,less1,,less1,less1,1,1,1,0,1,0
Work,Alone,Sunny,80,7AM,Restaurant(<20),1d,Female,26,Married partner,0,Bachelors degree,Unemployed,$87500 - $99999,1~3,less1,,less1,less1,1,0,0,1,0,0
No Urgent Place,Alone,Sunny,80,10AM,Coffee House,1d,Male,26,Married partner,0,Bachelors degree,Computer & Mathematical,$100000 or More,4~8,,1~3,1~3,less1,1,1,0,0,1,1
No Urgent Place,Alone,Sunny,55,6PM,Coffee House,2h,Male,26,Married partner,0,Bachelors degree,Computer & Mathematical,$100000 or More,4~8,,1~3,1~3,less1,1,0,0,0,1,1
No Urgent Place,Friend(s),Sunny,80,2PM,Restaurant(20-50),2h,Male,26,Married partner,0,Bachelors degree,Computer & Mathematical,$100000 or More,4~8,,1~3,1~3,less1,1,1,0,0,1,0
No Urgent Place,Friend(s),Sunny,80,6PM,Coffee House,1d,Male,26,Married partner,0,Bachelors degree,Computer & Mathematical,$100000 or More,4~8,,1~3,1~3,less1,1,0,0,0,1,1
No Urgent Place,Friend(s),Sunny,30,10PM,Restaurant(<20),2h,Male,26,Married partner,0,Bachelors degree,Computer & Mathematical,$100000 or More,4~8,,1~3,1~3,less1,1,0,0,0,1,1
No Urgent Place,Friend(s),Rainy,55,10PM,Bar,2h,Male,26,Married partner,0,Bachelors degree,Computer & Mathematical,$100000 or More,4~8,,1~3,1~3,less1,1,1,0,0,1,1
No Urgent Place,Friend(s),Snowy,30,10AM,Carry out & Take away,1d,Male,26,Married partner,0,Bachelors degree,Computer & Mathematical,$100000 or More,4~8,,1~3,1~3,less1,1,1,0,0,1,1
No Urgent Place,Friend(s),Snowy,30,10PM,Carry out & Take away,1d,Male,26,Married partner,0,Bachelors degree,Computer & Mathematical,$100000 or More,4~8,,1~3,1~3,less1,1,1,0,0,1,1
No Urgent Place,Partner,Sunny,80,10PM,Restaurant(<20),1d,Male,26,Married partner,0,Bachelors degree,Computer & Mathematical,$100000 or More,4~8,,1~3,1~3,less1,1,1,0,0,1,1
No Urgent Place,Partner,Sunny,30,10AM,Bar,1d,Male,26,Married partner,0,Bachelors degree,Computer & Mathematical,$100000 or More,4~8,,1~3,1~3,less1,1,1,0,0,1,1
No Urgent Place,Partner,Rainy,55,10AM,Carry out & Take away,2h,Male,26,Married partner,0,Bachelors degree,Computer & Mathematical,$100000 or More,4~8,,1~3,1~3,less1,1,0,0,0,1,1
No Urgent Place,Partner,Rainy,55,2PM,Restaurant(<20),2h,Male,26,Married partner,0,Bachelors degree,Computer & Mathematical,$100000 or More,4~8,,1~3,1~3,less1,1,1,0,0,1,0
No Urgent Place,Partner,Snowy,30,2PM,Coffee House,2h,Male,26,Married partner,0,Bachelors degree,Computer & Mathematical,$100000 or More,4~8,,1~3,1~3,less1,1,1,0,0,1,1
Home,Alone,Sunny,30,6PM,Carry out & Take away,2h,Male,26,Married partner,0,Bachelors degree,Computer & Mathematical,$100000 or More,4~8,,1~3,1~3,less1,1,1,0,1,0,1
Home,Alone,Snowy,30,6PM,Coffee House,1d,Male,26,Married partner,0,Bachelors degree,Computer & Mathematical,$100000 or More,4~8,,1~3,1~3,less1,1,1,0,0,1,0
Home,Alone,Snowy,30,10PM,Restaurant(20-50),2h,Male,26,Married partner,0,Bachelors degree,Computer & Mathematical,$100000 or More,4~8,,1~3,1~3,less1,1,0,0,0,1,0
Home,Partner,Sunny,80,6PM,Coffee House,1d,Male,26,Married partner,0,Bachelors degree,Computer & Mathematical,$100000 or More,4~8,,1~3,1~3,less1,1,0,0,1,0,0
Home,Alone,Sunny,80,6PM,Bar,2h,Male,26,Married partner,0,Bachelors degree,Computer & Mathematical,$100000 or More,4~8,,1~3,1~3,less1,1,0,0,1,0,1
Work,Alone,Rainy,55,7AM,Restaurant(<20),2h,Male,26,Married partner,0,Bachelors degree,Computer & Mathematical,$100000 or More,4~8,,1~3,1~3,less1,1,1,1,0,1,0
Work,Alone,Snowy,30,7AM,Restaurant(<20),2h,Male,26,Married partner,0,Bachelors degree,Computer & Mathematical,$100000 or More,4~8,,1~3,1~3,less1,1,1,1,0,1,0
Work,Alone,Snowy,30,7AM,Restaurant(20-50),1d,Male,26,Married partner,0,Bachelors degree,Computer & Mathematical,$100000 or More,4~8,,1~3,1~3,less1,1,1,1,0,1,0
Work,Alone,Sunny,80,7AM,Restaurant(<20),1d,Male,26,Married partner,0,Bachelors degree,Computer & Mathematical,$100000 or More,4~8,,1~3,1~3,less1,1,0,0,1,0,1
No Urgent Place,Alone,Sunny,80,10AM,Coffee House,2h,Female,21,Unmarried partner,1,Some college - no degree,Food Preparation & Serving Related,Less than $12500,never,1~3,4~8,,4~8,1,1,0,0,1,1
No Urgent Place,Friend(s),Sunny,80,10PM,Coffee House,1d,Female,21,Unmarried partner,1,Some college - no degree,Food Preparation & Serving Related,Less than $12500,never,1~3,4~8,,4~8,1,1,0,0,1,1
No Urgent Place,Friend(s),Sunny,30,10PM,Carry out & Take away,1d,Female,21,Unmarried partner,1,Some college - no degree,Food Preparation & Serving Related,Less than $12500,never,1~3,4~8,,4~8,1,1,0,0,1,1
No Urgent Place,Alone,Rainy,55,10AM,Coffee House,1d,Female,21,Unmarried partner,1,Some college - no degree,Food Preparation & Serving Related,Less than $12500,never,1~3,4~8,,4~8,1,1,0,0,1,1
No Urgent Place,Alone,Snowy,30,2PM,Bar,1d,Female,21,Unmarried partner,1,Some college - no degree,Food Preparation & Serving Related,Less than $12500,never,1~3,4~8,,4~8,1,0,0,0,1,1
No Urgent Place,Alone,Sunny,80,10PM,Restaurant(<20),1d,Female,21,Unmarried partner,1,Some college - no degree,Food Preparation & Serving Related,Less than $12500,never,1~3,4~8,,4~8,1,0,0,0,1,1
No Urgent Place,Kid(s),Sunny,80,10AM,Coffee House,1d,Female,21,Unmarried partner,1,Some college - no degree,Food Preparation & Serving Related,Less than $12500,never,1~3,4~8,,4~8,1,0,0,0,1,1
No Urgent Place,Kid(s),Sunny,80,2PM,Coffee House,1d,Female,21,Unmarried partner,1,Some college - no degree,Food Preparation & Serving Related,Less than $12500,never,1~3,4~8,,4~8,1,0,0,0,1,1
No Urgent Place,Kid(s),Sunny,80,10PM,Restaurant(20-50),1d,Female,21,Unmarried partner,1,Some college - no degree,Food Preparation & Serving Related,Less than $12500,never,1~3,4~8,,4~8,1,1,0,0,1,1
Home,Kid(s),Sunny,80,6PM,Restaurant(20-50),2h,Female,21,Unmarried partner,1,Some college - no degree,Food Preparation & Serving Related,Less than $12500,never,1~3,4~8,,4~8,1,1,0,1,0,1
Home,Kid(s),Sunny,80,10PM,Carry out & Take away,2h,Female,21,Unmarried partner,1,Some college - no degree,Food Preparation & Serving Related,Less than $12500,never,1~3,4~8,,4~8,1,1,0,0,1,0
Home,Kid(s),Sunny,30,6PM,Bar,2h,Female,21,Unmarried partner,1,Some college - no degree,Food Preparation & Serving Related,Less than $12500,never,1~3,4~8,,4~8,1,1,0,0,1,1
Home,Alone,Sunny,80,6PM,Carry out & Take away,1d,Female,21,Unmarried partner,1,Some college - no degree,Food Preparation & Serving Related,Less than $12500,never,1~3,4~8,,4~8,1,0,0,0,1,1
Home,Alone,Sunny,80,6PM,Restaurant(<20),1d,Female,21,Unmarried partner,1,Some college - no degree,Food Preparation & Serving Related,Less than $12500,never,1~3,4~8,,4~8,1,0,0,1,0,1
Home,Alone,Rainy,55,6PM,Bar,1d,Female,21,Unmarried partner,1,Some college - no degree,Food Preparation & Serving Related,Less than $12500,never,1~3,4~8,,4~8,1,1,1,0,1,0
Home,Alone,Snowy,30,10PM,Restaurant(<20),2h,Female,21,Unmarried partner,1,Some college - no degree,Food Preparation & Serving Related,Less than $12500,never,1~3,4~8,,4~8,1,1,1,0,1,1
Home,Alone,Sunny,80,10PM,Restaurant(20-50),1d,Female,21,Unmarried partner,1,Some college - no degree,Food Preparation & Serving Related,Less than $12500,never,1~3,4~8,,4~8,1,1,0,0,1,0
Work,Alone,Sunny,30,7AM,Bar,1d,Female,21,Unmarried partner,1,Some college - no degree,Food Preparation & Serving Related,Less than $12500,never,1~3,4~8,,4~8,1,1,0,1,0,0
Work,Alone,Rainy,55,7AM,Carry out & Take away,2h,Female,21,Unmarried partner,1,Some college - no degree,Food Preparation & Serving Related,Less than $12500,never,1~3,4~8,,4~8,1,1,0,1,0,1
Work,Alone,Sunny,80,7AM,Coffee House,1d,Female,21,Unmarried partner,1,Some college - no degree,Food Preparation & Serving Related,Less than $12500,never,1~3,4~8,,4~8,1,0,0,1,0,1
Work,Alone,Rainy,55,7AM,Bar,1d,Female,21,Unmarried partner,1,Some college - no degree,Food Preparation & Serving Related,Less than $12500,never,1~3,4~8,,4~8,1,1,1,0,1,1
Work,Alone,Snowy,30,7AM,Carry out & Take away,1d,Female,21,Unmarried partner,1,Some college - no degree,Food Preparation & Serving Related,Less than $12500,never,1~3,4~8,,4~8,1,1,0,1,0,1
No Urgent Place,Alone,Sunny,80,10AM,Coffee House,2h,Male,below21,Single,0,Some college - no degree,Student,$25000 - $37499,never,never,less1,never,,1,1,0,0,1,0
No Urgent Place,Friend(s),Sunny,80,2PM,Restaurant(20-50),1d,Male,below21,Single,0,Some college - no degree,Student,$25000 - $37499,never,never,less1,never,,1,1,0,0,1,0
No Urgent Place,Friend(s),Sunny,80,10PM,Coffee House,1d,Male,below21,Single,0,Some college - no degree,Student,$25000 - $37499,never,never,less1,never,,1,1,0,0,1,1
No Urgent Place,Friend(s),Sunny,55,10AM,Restaurant(<20),2h,Male,below21,Single,0,Some college - no degree,Student,$25000 - $37499,never,never,less1,never,,1,1,0,0,1,0
No Urgent Place,Friend(s),Sunny,30,10PM,Carry out & Take away,1d,Male,below21,Single,0,Some college - no degree,Student,$25000 - $37499,never,never,less1,never,,1,1,0,0,1,1
No Urgent Place,Friend(s),Rainy,55,10PM,Restaurant(20-50),2h,Male,below21,Single,0,Some college - no degree,Student,$25000 - $37499,never,never,less1,never,,1,1,0,0,1,0
No Urgent Place,Alone,Sunny,30,10AM,Carry out & Take away,1d,Male,below21,Single,0,Some college - no degree,Student,$25000 - $37499,never,never,less1,never,,1,1,0,0,1,1
No Urgent Place,Alone,Rainy,55,10AM,Coffee House,1d,Male,below21,Single,0,Some college - no degree,Student,$25000 - $37499,never,never,less1,never,,1,1,0,0,1,1
No Urgent Place,Alone,Snowy,30,2PM,Bar,1d,Male,below21,Single,0,Some college - no degree,Student,$25000 - $37499,never,never,less1,never,,1,0,0,0,1,0
No Urgent Place,Alone,Sunny,80,10PM,Restaurant(<20),1d,Male,below21,Single,0,Some college - no degree,Student,$25000 - $37499,never,never,less1,never,,1,0,0,0,1,1
Home,Alone,Sunny,30,6PM,Restaurant(20-50),1d,Male,below21,Single,0,Some college - no degree,Student,$25000 - $37499,never,never,less1,never,,1,0,0,1,0,0
Home,Alone,Sunny,80,6PM,Carry out & Take away,1d,Male,below21,Single,0,Some college - no degree,Student,$25000 - $37499,never,never,less1,never,,1,0,0,0,1,1
Home,Alone,Sunny,80,6PM,Restaurant(<20),1d,Male,below21,Single,0,Some college - no degree,Student,$25000 - $37499,never,never,less1,never,,1,0,0,1,0,1
Home,Alone,Rainy,55,6PM,Bar,1d,Male,below21,Single,0,Some college - no degree,Student,$25000 - $37499,never,never,less1,never,,1,1,1,0,1,0
Home,Alone,Snowy,30,10PM,Restaurant(<20),2h,Male,below21,Single,0,Some college - no degree,Student,$25000 - $37499,never,never,less1,never,,1,1,1,0,1,0
Home,Alone,Sunny,80,10PM,Restaurant(20-50),1d,Male,below21,Single,0,Some college - no degree,Student,$25000 - $37499,never,never,less1,never,,1,1,0,0,1,0
Work,Alone,Sunny,30,7AM,Bar,1d,Male,below21,Single,0,Some college - no degree,Student,$25000 - $37499,never,never,less1,never,,1,1,0,1,0,0
Work,Alone,Rainy,55,7AM,Carry out & Take away,2h,Male,below21,Single,0,Some college - no degree,Student,$25000 - $37499,never,never,less1,never,,1,1,0,1,0,0
Work,Alone,Sunny,80,7AM,Coffee House,1d,Male,below21,Single,0,Some college - no degree,Student,$25000 - $37499,never,never,less1,never,,1,0,0,1,0,1
Work,Alone,Sunny,80,7AM,Restaurant(<20),1d,Male,below21,Single,0,Some college - no degree,Student,$25000 - $37499,never,never,less1,never,,1,0,0,0,1,1
Work,Alone,Rainy,55,7AM,Bar,1d,Male,below21,Single,0,Some college - no degree,Student,$25000 - $37499,never,never,less1,never,,1,1,1,0,1,0
Work,Alone,Snowy,30,7AM,Carry out & Take away,1d,Male,below21,Single,0,Some college - no degree,Student,$25000 - $37499,never,never,less1,never,,1,1,0,1,0,0
No Urgent Place,Alone,Sunny,80,10AM,Coffee House,2h,Male,21,Single,0,Bachelors degree,Student,$25000 - $37499,1~3,4~8,4~8,1~3,,1,1,0,0,1,1
No Urgent Place,Friend(s),Sunny,80,2PM,Restaurant(20-50),1d,Male,21,Single,0,Bachelors degree,Student,$25000 - $37499,1~3,4~8,4~8,1~3,,1,1,0,0,1,0
No Urgent Place,Friend(s),Sunny,80,10PM,Coffee House,1d,Male,21,Single,0,Bachelors degree,Student,$25000 - $37499,1~3,4~8,4~8,1~3,,1,1,0,0,1,0
No Urgent Place,Friend(s),Sunny,55,10AM,Restaurant(<20),2h,Male,21,Single,0,Bachelors degree,Student,$25000 - $37499,1~3,4~8,4~8,1~3,,1,1,0,0,1,1
No Urgent Place,Friend(s),Sunny,30,10PM,Carry out & Take away,1d,Male,21,Single,0,Bachelors degree,Student,$25000 - $37499,1~3,4~8,4~8,1~3,,1,1,0,0,1,1
No Urgent Place,Friend(s),Rainy,55,10PM,Restaurant(20-50),2h,Male,21,Single,0,Bachelors degree,Student,$25000 - $37499,1~3,4~8,4~8,1~3,,1,1,0,0,1,1
No Urgent Place,Alone,Sunny,30,10AM,Carry out & Take away,1d,Male,21,Single,0,Bachelors degree,Student,$25000 - $37499,1~3,4~8,4~8,1~3,,1,1,0,0,1,1
No Urgent Place,Alone,Rainy,55,10AM,Coffee House,1d,Male,21,Single,0,Bachelors degree,Student,$25000 - $37499,1~3,4~8,4~8,1~3,,1,1,0,0,1,1
No Urgent Place,Alone,Snowy,30,2PM,Bar,1d,Male,21,Single,0,Bachelors degree,Student,$25000 - $37499,1~3,4~8,4~8,1~3,,1,0,0,0,1,0
No Urgent Place,Alone,Sunny,80,10PM,Restaurant(<20),1d,Male,21,Single,0,Bachelors degree,Student,$25000 - $37499,1~3,4~8,4~8,1~3,,1,0,0,0,1,0
Home,Alone,Sunny,30,6PM,Restaurant(20-50),1d,Male,21,Single,0,Bachelors degree,Student,$25000 - $37499,1~3,4~8,4~8,1~3,,1,0,0,1,0,0
Home,Alone,Sunny,80,6PM,Carry out & Take away,1d,Male,21,Single,0,Bachelors degree,Student,$25000 - $37499,1~3,4~8,4~8,1~3,,1,0,0,0,1,1
Home,Alone,Sunny,80,6PM,Restaurant(<20),1d,Male,21,Single,0,Bachelors degree,Student,$25000 - $37499,1~3,4~8,4~8,1~3,,1,0,0,1,0,1
Home,Alone,Rainy,55,6PM,Bar,1d,Male,21,Single,0,Bachelors degree,Student,$25000 - $37499,1~3,4~8,4~8,1~3,,1,1,1,0,1,1
Home,Alone,Snowy,30,10PM,Restaurant(<20),2h,Male,21,Single,0,Bachelors degree,Student,$25000 - $37499,1~3,4~8,4~8,1~3,,1,1,1,0,1,0
Home,Alone,Sunny,80,10PM,Restaurant(20-50),1d,Male,21,Single,0,Bachelors degree,Student,$25000 - $37499,1~3,4~8,4~8,1~3,,1,1,0,0,1,0
Work,Alone,Sunny,30,7AM,Bar,1d,Male,21,Single,0,Bachelors degree,Student,$25000 - $37499,1~3,4~8,4~8,1~3,,1,1,0,1,0,0
Work,Alone,Rainy,55,7AM,Carry out & Take away,2h,Male,21,Single,0,Bachelors degree,Student,$25000 - $37499,1~3,4~8,4~8,1~3,,1,1,0,1,0,0
Work,Alone,Sunny,80,7AM,Coffee House,1d,Male,21,Single,0,Bachelors degree,Student,$25000 - $37499,1~3,4~8,4~8,1~3,,1,0,0,1,0,1
Work,Alone,Sunny,80,7AM,Restaurant(<20),1d,Male,21,Single,0,Bachelors degree,Student,$25000 - $37499,1~3,4~8,4~8,1~3,,1,0,0,0,1,1
Work,Alone,Rainy,55,7AM,Bar,1d,Male,21,Single,0,Bachelors degree,Student,$25000 - $37499,1~3,4~8,4~8,1~3,,1,1,1,0,1,0
Work,Alone,Snowy,30,7AM,Carry out & Take away,1d,Male,21,Single,0,Bachelors degree,Student,$25000 - $37499,1~3,4~8,4~8,1~3,,1,1,0,1,0,0
No Urgent Place,Alone,Sunny,80,10AM,Coffee House,2h,Male,41,Married partner,1,Bachelors degree,Arts Design Entertainment Sports & Media,$37500 - $49999,,less1,1~3,4~8,1~3,1,1,0,0,1,1
No Urgent Place,Friend(s),Sunny,80,10PM,Coffee House,1d,Male,41,Married partner,1,Bachelors degree,Arts Design Entertainment Sports & Media,$37500 - $49999,,less1,1~3,4~8,1~3,1,1,0,0,1,1
No Urgent Place,Friend(s),Sunny,30,10PM,Carry out & Take away,1d,Male,41,Married partner,1,Bachelors degree,Arts Design Entertainment Sports & Media,$37500 - $49999,,less1,1~3,4~8,1~3,1,1,0,0,1,0
No Urgent Place,Alone,Rainy,55,10AM,Coffee House,1d,Male,41,Married partner,1,Bachelors degree,Arts Design Entertainment Sports & Media,$37500 - $49999,,less1,1~3,4~8,1~3,1,1,0,0,1,1
No Urgent Place,Alone,Snowy,30,2PM,Bar,1d,Male,41,Married partner,1,Bachelors degree,Arts Design Entertainment Sports & Media,$37500 - $49999,,less1,1~3,4~8,1~3,1,0,0,0,1,0
No Urgent Place,Alone,Sunny,80,10PM,Restaurant(<20),1d,Male,41,Married partner,1,Bachelors degree,Arts Design Entertainment Sports & Media,$37500 - $49999,,less1,1~3,4~8,1~3,1,0,0,0,1,0
No Urgent Place,Kid(s),Sunny,80,10AM,Coffee House,1d,Male,41,Married partner,1,Bachelors degree,Arts Design Entertainment Sports & Media,$37500 - $49999,,less1,1~3,4~8,1~3,1,0,0,0,1,1
No Urgent Place,Kid(s),Sunny,80,2PM,Coffee House,1d,Male,41,Married partner,1,Bachelors degree,Arts Design Entertainment Sports & Media,$37500 - $49999,,less1,1~3,4~8,1~3,1,0,0,0,1,1
No Urgent Place,Kid(s),Sunny,80,10PM,Restaurant(20-50),1d,Male,41,Married partner,1,Bachelors degree,Arts Design Entertainment Sports & Media,$37500 - $49999,,less1,1~3,4~8,1~3,1,1,0,0,1,1
Home,Kid(s),Sunny,80,6PM,Restaurant(20-50),2h,Male,41,Married partner,1,Bachelors degree,Arts Design Entertainment Sports & Media,$37500 - $49999,,less1,1~3,4~8,1~3,1,1,0,1,0,1
Home,Kid(s),Sunny,80,10PM,Carry out & Take away,2h,Male,41,Married partner,1,Bachelors degree,Arts Design Entertainment Sports & Media,$37500 - $49999,,less1,1~3,4~8,1~3,1,1,0,0,1,0
Home,Kid(s),Sunny,30,6PM,Bar,2h,Male,41,Married partner,1,Bachelors degree,Arts Design Entertainment Sports & Media,$37500 - $49999,,less1,1~3,4~8,1~3,1,1,0,0,1,1
Home,Alone,Sunny,80,6PM,Carry out & Take away,1d,Male,41,Married partner,1,Bachelors degree,Arts Design Entertainment Sports & Media,$37500 - $49999,,less1,1~3,4~8,1~3,1,0,0,0,1,1
Home,Alone,Sunny,80,6PM,Restaurant(<20),1d,Male,41,Married partner,1,Bachelors degree,Arts Design Entertainment Sports & Media,$37500 - $49999,,less1,1~3,4~8,1~3,1,0,0,1,0,0
Home,Alone,Rainy,55,6PM,Bar,1d,Male,41,Married partner,1,Bachelors degree,Arts Design Entertainment Sports & Media,$37500 - $49999,,less1,1~3,4~8,1~3,1,1,1,0,1,0
Home,Alone,Snowy,30,10PM,Restaurant(<20),2h,Male,41,Married partner,1,Bachelors degree,Arts Design Entertainment Sports & Media,$37500 - $49999,,less1,1~3,4~8,1~3,1,1,1,0,1,0
Home,Alone,Sunny,80,10PM,Restaurant(20-50),1d,Male,41,Married partner,1,Bachelors degree,Arts Design Entertainment Sports & Media,$37500 - $49999,,less1,1~3,4~8,1~3,1,1,0,0,1,0
Work,Alone,Sunny,30,7AM,Bar,1d,Male,41,Married partner,1,Bachelors degree,Arts Design Entertainment Sports & Media,$37500 - $49999,,less1,1~3,4~8,1~3,1,1,0,1,0,0
Work,Alone,Rainy,55,7AM,Carry out & Take away,2h,Male,41,Married partner,1,Bachelors degree,Arts Design Entertainment Sports & Media,$37500 - $49999,,less1,1~3,4~8,1~3,1,1,0,1,0,0
Work,Alone,Sunny,80,7AM,Coffee House,1d,Male,41,Married partner,1,Bachelors degree,Arts Design Entertainment Sports & Media,$37500 - $49999,,less1,1~3,4~8,1~3,1,0,0,1,0,0
Work,Alone,Rainy,55,7AM,Bar,1d,Male,41,Married partner,1,Bachelors degree,Arts Design Entertainment Sports & Media,$37500 - $49999,,less1,1~3,4~8,1~3,1,1,1,0,1,0
Work,Alone,Snowy,30,7AM,Carry out & Take away,1d,Male,41,Married partner,1,Bachelors degree,Arts Design Entertainment Sports & Media,$37500 - $49999,,less1,1~3,4~8,1~3,1,1,0,1,0,0
No Urgent Place,Alone,Sunny,80,10AM,Coffee House,2h,Male,26,Married partner,1,Bachelors degree,Management,$12500 - $24999,1~3,4~8,1~3,1~3,,1,1,0,0,1,0
No Urgent Place,Friend(s),Sunny,30,10PM,Carry out & Take away,1d,Male,26,Married partner,1,Bachelors degree,Management,$12500 - $24999,1~3,4~8,1~3,1~3,,1,1,0,0,1,1
No Urgent Place,Alone,Rainy,55,10AM,Coffee House,1d,Male,26,Married partner,1,Bachelors degree,Management,$12500 - $24999,1~3,4~8,1~3,1~3,,1,1,0,0,1,1
No Urgent Place,Alone,Snowy,30,2PM,Bar,1d,Male,26,Married partner,1,Bachelors degree,Management,$12500 - $24999,1~3,4~8,1~3,1~3,,1,0,0,0,1,1
No Urgent Place,Alone,Sunny,80,10PM,Restaurant(<20),1d,Male,26,Married partner,1,Bachelors degree,Management,$12500 - $24999,1~3,4~8,1~3,1~3,,1,0,0,0,1,1
No Urgent Place,Kid(s),Sunny,80,10PM,Restaurant(20-50),1d,Male,26,Married partner,1,Bachelors degree,Management,$12500 - $24999,1~3,4~8,1~3,1~3,,1,1,0,0,1,1
Home,Alone,Sunny,80,6PM,Carry out & Take away,1d,Male,26,Married partner,1,Bachelors degree,Management,$12500 - $24999,1~3,4~8,1~3,1~3,,1,0,0,0,1,1
Home,Alone,Sunny,80,6PM,Restaurant(<20),1d,Male,26,Married partner,1,Bachelors degree,Management,$12500 - $24999,1~3,4~8,1~3,1~3,,1,0,0,1,0,1
Home,Alone,Rainy,55,6PM,Bar,1d,Male,26,Married partner,1,Bachelors degree,Management,$12500 - $24999,1~3,4~8,1~3,1~3,,1,1,1,0,1,1
Home,Alone,Snowy,30,10PM,Restaurant(<20),2h,Male,26,Married partner,1,Bachelors degree,Management,$12500 - $24999,1~3,4~8,1~3,1~3,,1,1,1,0,1,0
Home,Alone,Sunny,80,10PM,Restaurant(20-50),1d,Male,26,Married partner,1,Bachelors degree,Management,$12500 - $24999,1~3,4~8,1~3,1~3,,1,1,0,0,1,0
Work,Alone,Sunny,30,7AM,Bar,1d,Male,26,Married partner,1,Bachelors degree,Management,$12500 - $24999,1~3,4~8,1~3,1~3,,1,1,0,1,0,1
Work,Alone,Rainy,55,7AM,Carry out & Take away,2h,Male,26,Married partner,1,Bachelors degree,Management,$12500 - $24999,1~3,4~8,1~3,1~3,,1,1,0,1,0,0
Work,Alone,Sunny,80,7AM,Coffee House,1d,Male,26,Married partner,1,Bachelors degree,Management,$12500 - $24999,1~3,4~8,1~3,1~3,,1,0,0,1,0,1
Work,Alone,Rainy,55,7AM,Bar,1d,Male,26,Married partner,1,Bachelors degree,Management,$12500 - $24999,1~3,4~8,1~3,1~3,,1,1,1,0,1,1
Work,Alone,Snowy,30,7AM,Carry out & Take away,1d,Male,26,Married partner,1,Bachelors degree,Management,$12500 - $24999,1~3,4~8,1~3,1~3,,1,1,0,1,0,1
No Urgent Place,Friend(s),Sunny,80,6PM,Restaurant(<20),2h,Male,26,Unmarried partner,0,Graduate degree (Masters or Doctorate),Healthcare Practitioners & Technical,$25000 - $37499,less1,,1~3,never,never,1,0,0,0,1,0
No Urgent Place,Friend(s),Sunny,80,10PM,Bar,1d,Male,26,Unmarried partner,0,Graduate degree (Masters or Doctorate),Healthcare Practitioners & Technical,$25000 - $37499,less1,,1~3,never,never,1,1,0,0,1,1
No Urgent Place,Friend(s),Sunny,55,10PM,Bar,2h,Male,26,Unmarried partner,0,Graduate degree (Masters or Doctorate),Healthcare Practitioners & Technical,$25000 - $37499,less1,,1~3,never,never,1,1,0,0,1,1
No Urgent Place,Friend(s),Sunny,30,10AM,Carry out & Take away,2h,Male,26,Unmarried partner,0,Graduate degree (Masters or Doctorate),Healthcare Practitioners & Technical,$25000 - $37499,less1,,1~3,never,never,1,0,0,0,1,0
No Urgent Place,Friend(s),Snowy,30,2PM,Restaurant(<20),1d,Male,26,Unmarried partner,0,Graduate degree (Masters or Doctorate),Healthcare Practitioners & Technical,$25000 - $37499,less1,,1~3,never,never,1,0,0,0,1,0
No Urgent Place,Alone,Rainy,55,10AM,Bar,1d,Male,26,Unmarried partner,0,Graduate degree (Masters or Doctorate),Healthcare Practitioners & Technical,$25000 - $37499,less1,,1~3,never,never,1,1,0,0,1,0
No Urgent Place,Alone,Sunny,80,10AM,Restaurant(<20),2h,Male,26,Unmarried partner,0,Graduate degree (Masters or Doctorate),Healthcare Practitioners & Technical,$25000 - $37499,less1,,1~3,never,never,1,0,0,0,1,0
No Urgent Place,Partner,Sunny,30,10AM,Restaurant(20-50),1d,Male,26,Unmarried partner,0,Graduate degree (Masters or Doctorate),Healthcare Practitioners & Technical,$25000 - $37499,less1,,1~3,never,never,1,0,0,0,1,0
No Urgent Place,Partner,Rainy,55,6PM,Bar,2h,Male,26,Unmarried partner,0,Graduate degree (Masters or Doctorate),Healthcare Practitioners & Technical,$25000 - $37499,less1,,1~3,never,never,1,1,0,0,1,0
No Urgent Place,Partner,Snowy,30,10AM,Restaurant(<20),1d,Male,26,Unmarried partner,0,Graduate degree (Masters or Doctorate),Healthcare Practitioners & Technical,$25000 - $37499,less1,,1~3,never,never,1,0,0,0,1,0
Home,Alone,Sunny,80,6PM,Carry out & Take away,2h,Male,26,Unmarried partner,0,Graduate degree (Masters or Doctorate),Healthcare Practitioners & Technical,$25000 - $37499,less1,,1~3,never,never,1,1,0,1,0,1
Home,Alone,Sunny,30,6PM,Carry out & Take away,1d,Male,26,Unmarried partner,0,Graduate degree (Masters or Doctorate),Healthcare Practitioners & Technical,$25000 - $37499,less1,,1~3,never,never,1,0,0,0,1,1
Home,Alone,Rainy,55,10PM,Coffee House,2h,Male,26,Unmarried partner,0,Graduate degree (Masters or Doctorate),Healthcare Practitioners & Technical,$25000 - $37499,less1,,1~3,never,never,1,0,0,1,0,0
Home,Alone,Snowy,30,10PM,Coffee House,2h,Male,26,Unmarried partner,0,Graduate degree (Masters or Doctorate),Healthcare Practitioners & Technical,$25000 - $37499,less1,,1~3,never,never,1,1,0,0,1,0
Home,Alone,Sunny,80,6PM,Restaurant(20-50),1d,Male,26,Unmarried partner,0,Graduate degree (Masters or Doctorate),Healthcare Practitioners & Technical,$25000 - $37499,less1,,1~3,never,never,1,0,0,1,0,0
Home,Partner,Sunny,30,6PM,Restaurant(<20),1d,Male,26,Unmarried partner,0,Graduate degree (Masters or Doctorate),Healthcare Practitioners & Technical,$25000 - $37499,less1,,1~3,never,never,1,1,1,0,1,0
Home,Partner,Sunny,30,10PM,Restaurant(<20),2h,Male,26,Unmarried partner,0,Graduate degree (Masters or Doctorate),Healthcare Practitioners & Technical,$25000 - $37499,less1,,1~3,never,never,1,1,0,1,0,0
Home,Partner,Rainy,55,6PM,Carry out & Take away,1d,Male,26,Unmarried partner,0,Graduate degree (Masters or Doctorate),Healthcare Practitioners & Technical,$25000 - $37499,less1,,1~3,never,never,1,0,0,1,0,1
Work,Alone,Rainy,55,7AM,Carry out & Take away,1d,Male,26,Unmarried partner,0,Graduate degree (Masters or Doctorate),Healthcare Practitioners & Technical,$25000 - $37499,less1,,1~3,never,never,1,0,0,0,1,0
Work,Alone,Snowy,30,7AM,Coffee House,1d,Male,26,Unmarried partner,0,Graduate degree (Masters or Doctorate),Healthcare Practitioners & Technical,$25000 - $37499,less1,,1~3,never,never,1,0,0,1,0,1
Work,Alone,Snowy,30,7AM,Bar,1d,Male,26,Unmarried partner,0,Graduate degree (Masters or Doctorate),Healthcare Practitioners & Technical,$25000 - $37499,less1,,1~3,never,never,1,1,1,0,1,0
Work,Alone,Sunny,80,7AM,Restaurant(20-50),2h,Male,26,Unmarried partner,0,Graduate degree (Masters or Doctorate),Healthcare Practitioners & Technical,$25000 - $37499,less1,,1~3,never,never,1,0,0,1,0,0
No Urgent Place,Kid(s),Sunny,30,10PM,Restaurant(20-50),2h,Female,46,Married partner,1,Bachelors degree,Business & Financial,$100000 or More,never,4~8,4~8,1~3,,1,0,0,0,1,0
No Urgent Place,Kid(s),Snowy,30,6PM,Bar,1d,Female,46,Married partner,1,Bachelors degree,Business & Financial,$100000 or More,never,4~8,4~8,1~3,,1,0,0,0,1,0
No Urgent Place,Friend(s),Sunny,80,6PM,Restaurant(<20),2h,Female,46,Married partner,1,Bachelors degree,Business & Financial,$100000 or More,never,4~8,4~8,1~3,,1,0,0,0,1,1
No Urgent Place,Friend(s),Sunny,80,10PM,Bar,1d,Female,46,Married partner,1,Bachelors degree,Business & Financial,$100000 or More,never,4~8,4~8,1~3,,1,1,0,0,1,0
No Urgent Place,Friend(s),Sunny,55,10PM,Bar,2h,Female,46,Married partner,1,Bachelors degree,Business & Financial,$100000 or More,never,4~8,4~8,1~3,,1,1,0,0,1,0
No Urgent Place,Friend(s),Sunny,30,10AM,Carry out & Take away,2h,Female,46,Married partner,1,Bachelors degree,Business & Financial,$100000 or More,never,4~8,4~8,1~3,,1,0,0,0,1,1
No Urgent Place,Friend(s),Snowy,30,2PM,Restaurant(<20),1d,Female,46,Married partner,1,Bachelors degree,Business & Financial,$100000 or More,never,4~8,4~8,1~3,,1,0,0,0,1,1
No Urgent Place,Alone,Rainy,55,10AM,Bar,1d,Female,46,Married partner,1,Bachelors degree,Business & Financial,$100000 or More,never,4~8,4~8,1~3,,1,1,0,0,1,0
No Urgent Place,Alone,Sunny,80,10AM,Restaurant(<20),2h,Female,46,Married partner,1,Bachelors degree,Business & Financial,$100000 or More,never,4~8,4~8,1~3,,1,0,0,0,1,1
No Urgent Place,Kid(s),Sunny,55,6PM,Restaurant(<20),2h,Female,46,Married partner,1,Bachelors degree,Business & Financial,$100000 or More,never,4~8,4~8,1~3,,1,1,0,0,1,1
Home,Kid(s),Sunny,55,10PM,Restaurant(20-50),1d,Female,46,Married partner,1,Bachelors degree,Business & Financial,$100000 or More,never,4~8,4~8,1~3,,1,1,0,1,0,0
Home,Kid(s),Sunny,55,10PM,Restaurant(20-50),2h,Female,46,Married partner,1,Bachelors degree,Business & Financial,$100000 or More,never,4~8,4~8,1~3,,1,1,0,0,1,0
Home,Partner,Sunny,30,10PM,Bar,2h,Female,46,Married partner,1,Bachelors degree,Business & Financial,$100000 or More,never,4~8,4~8,1~3,,1,1,1,0,1,0
Home,Alone,Sunny,80,6PM,Carry out & Take away,2h,Female,46,Married partner,1,Bachelors degree,Business & Financial,$100000 or More,never,4~8,4~8,1~3,,1,1,0,1,0,1
Home,Alone,Sunny,30,6PM,Carry out & Take away,1d,Female,46,Married partner,1,Bachelors degree,Business & Financial,$100000 or More,never,4~8,4~8,1~3,,1,0,0,0,1,1
Home,Alone,Rainy,55,10PM,Coffee House,2h,Female,46,Married partner,1,Bachelors degree,Business & Financial,$100000 or More,never,4~8,4~8,1~3,,1,0,0,1,0,1
Home,Alone,Snowy,30,10PM,Coffee House,2h,Female,46,Married partner,1,Bachelors degree,Business & Financial,$100000 or More,never,4~8,4~8,1~3,,1,1,0,0,1,1
Home,Alone,Sunny,80,6PM,Restaurant(20-50),1d,Female,46,Married partner,1,Bachelors degree,Business & Financial,$100000 or More,never,4~8,4~8,1~3,,1,0,0,1,0,1
Work,Alone,Rainy,55,7AM,Carry out & Take away,1d,Female,46,Married partner,1,Bachelors degree,Business & Financial,$100000 or More,never,4~8,4~8,1~3,,1,0,0,0,1,1
Work,Alone,Snowy,30,7AM,Coffee House,1d,Female,46,Married partner,1,Bachelors degree,Business & Financial,$100000 or More,never,4~8,4~8,1~3,,1,0,0,1,0,1
Work,Alone,Snowy,30,7AM,Bar,1d,Female,46,Married partner,1,Bachelors degree,Business & Financial,$100000 or More,never,4~8,4~8,1~3,,1,1,1,0,1,0
Work,Alone,Sunny,80,7AM,Restaurant(20-50),2h,Female,46,Married partner,1,Bachelors degree,Business & Financial,$100000 or More,never,4~8,4~8,1~3,,1,0,0,1,0,0
No Urgent Place,Friend(s),Sunny,80,6PM,Restaurant(<20),2h,Female,31,Single,0,Associates degree,Arts Design Entertainment Sports & Media,$75000 - $87499,,less1,gt8,1~3,less1,1,0,0,0,1,0
No Urgent Place,Friend(s),Sunny,80,10PM,Bar,1d,Female,31,Single,0,Associates degree,Arts Design Entertainment Sports & Media,$75000 - $87499,,less1,gt8,1~3,less1,1,1,0,0,1,0
No Urgent Place,Friend(s),Sunny,55,10PM,Bar,2h,Female,31,Single,0,Associates degree,Arts Design Entertainment Sports & Media,$75000 - $87499,,less1,gt8,1~3,less1,1,1,0,0,1,0
No Urgent Place,Friend(s),Sunny,30,10AM,Carry out & Take away,2h,Female,31,Single,0,Associates degree,Arts Design Entertainment Sports & Media,$75000 - $87499,,less1,gt8,1~3,less1,1,0,0,0,1,0
No Urgent Place,Friend(s),Snowy,30,2PM,Restaurant(<20),1d,Female,31,Single,0,Associates degree,Arts Design Entertainment Sports & Media,$75000 - $87499,,less1,gt8,1~3,less1,1,0,0,0,1,0
No Urgent Place,Alone,Rainy,55,10AM,Bar,1d,Female,31,Single,0,Associates degree,Arts Design Entertainment Sports & Media,$75000 - $87499,,less1,gt8,1~3,less1,1,1,0,0,1,0
No Urgent Place,Alone,Rainy,55,2PM,Carry out & Take away,2h,Female,31,Single,0,Associates degree,Arts Design Entertainment Sports & Media,$75000 - $87499,,less1,gt8,1~3,less1,1,0,0,0,1,0
No Urgent Place,Alone,Sunny,80,10AM,Restaurant(<20),2h,Female,31,Single,0,Associates degree,Arts Design Entertainment Sports & Media,$75000 - $87499,,less1,gt8,1~3,less1,1,0,0,0,1,0
No Urgent Place,Alone,Snowy,30,10AM,Restaurant(<20),1d,Female,31,Single,0,Associates degree,Arts Design Entertainment Sports & Media,$75000 - $87499,,less1,gt8,1~3,less1,1,1,0,0,1,0
Home,Alone,Sunny,80,6PM,Carry out & Take away,2h,Female,31,Single,0,Associates degree,Arts Design Entertainment Sports & Media,$75000 - $87499,,less1,gt8,1~3,less1,1,1,0,1,0,0
Home,Alone,Sunny,30,6PM,Carry out & Take away,1d,Female,31,Single,0,Associates degree,Arts Design Entertainment Sports & Media,$75000 - $87499,,less1,gt8,1~3,less1,1,0,0,0,1,0
Home,Alone,Rainy,55,10PM,Coffee House,2h,Female,31,Single,0,Associates degree,Arts Design Entertainment Sports & Media,$75000 - $87499,,less1,gt8,1~3,less1,1,0,0,1,0,0
Home,Alone,Snowy,30,10PM,Coffee House,2h,Female,31,Single,0,Associates degree,Arts Design Entertainment Sports & Media,$75000 - $87499,,less1,gt8,1~3,less1,1,1,0,0,1,0
Home,Alone,Snowy,30,10PM,Carry out & Take away,1d,Female,31,Single,0,Associates degree,Arts Design Entertainment Sports & Media,$75000 - $87499,,less1,gt8,1~3,less1,1,1,1,0,1,0
Home,Alone,Sunny,80,6PM,Restaurant(20-50),1d,Female,31,Single,0,Associates degree,Arts Design Entertainment Sports & Media,$75000 - $87499,,less1,gt8,1~3,less1,1,0,0,1,0,0
Home,Alone,Sunny,80,10PM,Restaurant(20-50),1d,Female,31,Single,0,Associates degree,Arts Design Entertainment Sports & Media,$75000 - $87499,,less1,gt8,1~3,less1,1,0,0,0,1,0
Work,Alone,Rainy,55,7AM,Restaurant(<20),2h,Female,31,Single,0,Associates degree,Arts Design Entertainment Sports & Media,$75000 - $87499,,less1,gt8,1~3,less1,1,0,0,1,0,0
Work,Alone,Rainy,55,7AM,Carry out & Take away,1d,Female,31,Single,0,Associates degree,Arts Design Entertainment Sports & Media,$75000 - $87499,,less1,gt8,1~3,less1,1,0,0,0,1,0
Work,Alone,Snowy,30,7AM,Coffee House,1d,Female,31,Single,0,Associates degree,Arts Design Entertainment Sports & Media,$75000 - $87499,,less1,gt8,1~3,less1,1,0,0,1,0,1
Work,Alone,Snowy,30,7AM,Bar,1d,Female,31,Single,0,Associates degree,Arts Design Entertainment Sports & Media,$75000 - $87499,,less1,gt8,1~3,less1,1,1,1,0,1,0
Work,Alone,Sunny,80,7AM,Restaurant(20-50),2h,Female,31,Single,0,Associates degree,Arts Design Entertainment Sports & Media,$75000 - $87499,,less1,gt8,1~3,less1,1,0,0,1,0,0
No Urgent Place,Friend(s),Sunny,80,6PM,Restaurant(<20),2h,Female,50plus,Widowed,1,High School Graduate,Retired,$12500 - $24999,never,never,4~8,1~3,,1,0,0,0,1,1
No Urgent Place,Friend(s),Sunny,80,10PM,Bar,1d,Female,50plus,Widowed,1,High School Graduate,Retired,$12500 - $24999,never,never,4~8,1~3,,1,1,0,0,1,0
No Urgent Place,Friend(s),Sunny,55,10PM,Bar,2h,Female,50plus,Widowed,1,High School Graduate,Retired,$12500 - $24999,never,never,4~8,1~3,,1,1,0,0,1,0
No Urgent Place,Friend(s),Sunny,30,10AM,Carry out & Take away,2h,Female,50plus,Widowed,1,High School Graduate,Retired,$12500 - $24999,never,never,4~8,1~3,,1,0,0,0,1,1
No Urgent Place,Friend(s),Snowy,30,2PM,Restaurant(<20),1d,Female,50plus,Widowed,1,High School Graduate,Retired,$12500 - $24999,never,never,4~8,1~3,,1,0,0,0,1,1
No Urgent Place,Alone,Rainy,55,10AM,Bar,1d,Female,50plus,Widowed,1,High School Graduate,Retired,$12500 - $24999,never,never,4~8,1~3,,1,1,0,0,1,0
No Urgent Place,Alone,Rainy,55,2PM,Carry out & Take away,2h,Female,50plus,Widowed,1,High School Graduate,Retired,$12500 - $24999,never,never,4~8,1~3,,1,0,0,0,1,1
No Urgent Place,Alone,Sunny,80,10AM,Restaurant(<20),2h,Female,50plus,Widowed,1,High School Graduate,Retired,$12500 - $24999,never,never,4~8,1~3,,1,0,0,0,1,1
No Urgent Place,Alone,Snowy,30,10AM,Restaurant(<20),1d,Female,50plus,Widowed,1,High School Graduate,Retired,$12500 - $24999,never,never,4~8,1~3,,1,1,0,0,1,1
Home,Alone,Sunny,80,6PM,Carry out & Take away,2h,Female,50plus,Widowed,1,High School Graduate,Retired,$12500 - $24999,never,never,4~8,1~3,,1,1,0,1,0,1
Home,Alone,Sunny,30,6PM,Carry out & Take away,1d,Female,50plus,Widowed,1,High School Graduate,Retired,$12500 - $24999,never,never,4~8,1~3,,1,0,0,0,1,1
Home,Alone,Rainy,55,10PM,Coffee House,2h,Female,50plus,Widowed,1,High School Graduate,Retired,$12500 - $24999,never,never,4~8,1~3,,1,0,0,1,0,0
Home,Alone,Snowy,30,10PM,Coffee House,2h,Female,50plus,Widowed,1,High School Graduate,Retired,$12500 - $24999,never,never,4~8,1~3,,1,1,0,0,1,0
Home,Alone,Snowy,30,10PM,Carry out & Take away,1d,Female,50plus,Widowed,1,High School Graduate,Retired,$12500 - $24999,never,never,4~8,1~3,,1,1,1,0,1,0
Home,Alone,Sunny,80,6PM,Restaurant(20-50),1d,Female,50plus,Widowed,1,High School Graduate,Retired,$12500 - $24999,never,never,4~8,1~3,,1,0,0,1,0,1
Home,Alone,Sunny,80,10PM,Restaurant(20-50),1d,Female,50plus,Widowed,1,High School Graduate,Retired,$12500 - $24999,never,never,4~8,1~3,,1,0,0,0,1,0
Work,Alone,Rainy,55,7AM,Restaurant(<20),2h,Female,50plus,Widowed,1,High School Graduate,Retired,$12500 - $24999,never,never,4~8,1~3,,1,0,0,1,0,0
Work,Alone,Rainy,55,7AM,Carry out & Take away,1d,Female,50plus,Widowed,1,High School Graduate,Retired,$12500 - $24999,never,never,4~8,1~3,,1,0,0,0,1,1
Work,Alone,Snowy,30,7AM,Coffee House,1d,Female,50plus,Widowed,1,High School Graduate,Retired,$12500 - $24999,never,never,4~8,1~3,,1,0,0,1,0,1
Work,Alone,Snowy,30,7AM,Restaurant(<20),1d,Female,50plus,Widowed,1,High School Graduate,Retired,$12500 - $24999,never,never,4~8,1~3,,1,1,0,0,1,0
Work,Alone,Snowy,30,7AM,Bar,1d,Female,50plus,Widowed,1,High School Graduate,Retired,$12500 - $24999,never,never,4~8,1~3,,1,1,1,0,1,0
Work,Alone,Sunny,80,7AM,Restaurant(20-50),2h,Female,50plus,Widowed,1,High School Graduate,Retired,$12500 - $24999,never,never,4~8,1~3,,1,0,0,1,0,0
No Urgent Place,Kid(s),Sunny,30,10PM,Restaurant(20-50),2h,Female,36,Married partner,1,Bachelors degree,Education&Training&Library,$37500 - $49999,less1,,1~3,1~3,1~3,1,0,0,0,1,0
No Urgent Place,Kid(s),Snowy,30,6PM,Bar,1d,Female,36,Married partner,1,Bachelors degree,Education&Training&Library,$37500 - $49999,less1,,1~3,1~3,1~3,1,0,0,0,1,0
No Urgent Place,Friend(s),Sunny,80,6PM,Restaurant(<20),2h,Female,36,Married partner,1,Bachelors degree,Education&Training&Library,$37500 - $49999,less1,,1~3,1~3,1~3,1,0,0,0,1,0
No Urgent Place,Friend(s),Sunny,80,10PM,Bar,1d,Female,36,Married partner,1,Bachelors degree,Education&Training&Library,$37500 - $49999,less1,,1~3,1~3,1~3,1,1,0,0,1,0
No Urgent Place,Friend(s),Sunny,55,10PM,Bar,2h,Female,36,Married partner,1,Bachelors degree,Education&Training&Library,$37500 - $49999,less1,,1~3,1~3,1~3,1,1,0,0,1,0
No Urgent Place,Friend(s),Sunny,30,10AM,Carry out & Take away,2h,Female,36,Married partner,1,Bachelors degree,Education&Training&Library,$37500 - $49999,less1,,1~3,1~3,1~3,1,0,0,0,1,0
No Urgent Place,Friend(s),Snowy,30,2PM,Restaurant(<20),1d,Female,36,Married partner,1,Bachelors degree,Education&Training&Library,$37500 - $49999,less1,,1~3,1~3,1~3,1,0,0,0,1,0
No Urgent Place,Alone,Rainy,55,10AM,Bar,1d,Female,36,Married partner,1,Bachelors degree,Education&Training&Library,$37500 - $49999,less1,,1~3,1~3,1~3,1,1,0,0,1,0
No Urgent Place,Alone,Sunny,80,10AM,Restaurant(<20),2h,Female,36,Married partner,1,Bachelors degree,Education&Training&Library,$37500 - $49999,less1,,1~3,1~3,1~3,1,0,0,0,1,0
No Urgent Place,Kid(s),Sunny,55,6PM,Restaurant(<20),2h,Female,36,Married partner,1,Bachelors degree,Education&Training&Library,$37500 - $49999,less1,,1~3,1~3,1~3,1,1,0,0,1,1
Home,Kid(s),Sunny,55,10PM,Restaurant(20-50),1d,Female,36,Married partner,1,Bachelors degree,Education&Training&Library,$37500 - $49999,less1,,1~3,1~3,1~3,1,1,0,1,0,0
Home,Kid(s),Sunny,55,10PM,Restaurant(20-50),2h,Female,36,Married partner,1,Bachelors degree,Education&Training&Library,$37500 - $49999,less1,,1~3,1~3,1~3,1,1,0,0,1,0
Home,Partner,Sunny,30,10PM,Bar,2h,Female,36,Married partner,1,Bachelors degree,Education&Training&Library,$37500 - $49999,less1,,1~3,1~3,1~3,1,1,1,0,1,0
Home,Alone,Sunny,80,6PM,Carry out & Take away,2h,Female,36,Married partner,1,Bachelors degree,Education&Training&Library,$37500 - $49999,less1,,1~3,1~3,1~3,1,1,0,1,0,1
Home,Alone,Sunny,30,6PM,Carry out & Take away,1d,Female,36,Married partner,1,Bachelors degree,Education&Training&Library,$37500 - $49999,less1,,1~3,1~3,1~3,1,0,0,0,1,1
Home,Alone,Rainy,55,10PM,Coffee House,2h,Female,36,Married partner,1,Bachelors degree,Education&Training&Library,$37500 - $49999,less1,,1~3,1~3,1~3,1,0,0,1,0,0
Home,Alone,Snowy,30,10PM,Coffee House,2h,Female,36,Married partner,1,Bachelors degree,Education&Training&Library,$37500 - $49999,less1,,1~3,1~3,1~3,1,1,0,0,1,0
Home,Alone,Sunny,80,6PM,Restaurant(20-50),1d,Female,36,Married partner,1,Bachelors degree,Education&Training&Library,$37500 - $49999,less1,,1~3,1~3,1~3,1,0,0,1,0,1
Work,Alone,Rainy,55,7AM,Carry out & Take away,1d,Female,36,Married partner,1,Bachelors degree,Education&Training&Library,$37500 - $49999,less1,,1~3,1~3,1~3,1,0,0,0,1,1
Work,Alone,Snowy,30,7AM,Coffee House,1d,Female,36,Married partner,1,Bachelors degree,Education&Training&Library,$37500 - $49999,less1,,1~3,1~3,1~3,1,0,0,1,0,0
Work,Alone,Snowy,30,7AM,Bar,1d,Female,36,Married partner,1,Bachelors degree,Education&Training&Library,$37500 - $49999,less1,,1~3,1~3,1~3,1,1,1,0,1,0
Work,Alone,Sunny,80,7AM,Restaurant(20-50),2h,Female,36,Married partner,1,Bachelors degree,Education&Training&Library,$37500 - $49999,less1,,1~3,1~3,1~3,1,0,0,1,0,0
